./data/Sage2/bench_2176.smt2,[1. 1. 1. 0. 0. 0. 0. 0. 0. 0. 1.],Z3,60,timeout (60.0 s),['Z3'],[60]
./data/Sage2/bench_17102.smt2,"[0.78676471 0.67473525 0.44897959 0.         0.         0.
 0.         0.         0.         0.         0.44897959]",Z3,23.00199794769287,unsat,['Z3'],[23.00199794769287]
./data/Sage2/bench_13270.smt2,"[2.2115942  2.4103479  2.58938547 0.         0.         0.
 0.         0.         0.         0.         2.58938547]",Z3,9.564356803894043,sat,['Z3'],[9.564356803894043]
./data/Sage2/bench_13635.smt2,"[0.78321678 1.0026738  1.27756654 0.         0.         0.
 0.         0.         0.         0.         1.27756654]",Z3,5.1978888511657715,sat,['Z3'],[5.1978888511657715]
./data/Sage2/bench_13236.smt2,"[0.68988614 0.40163934 0.11152416 0.         0.         0.
 0.         0.         0.         0.         0.11152416]",Z3,0.339022159576416,unsat,['Z3'],[0.339022159576416]
./data/Sage2/bench_5069.smt2,"[0.36249213 0.31566686 0.20466786 0.         0.         0.
 0.         0.         0.         0.         0.20466786]",Z3,59.32250905036926,sat,['Z3'],[59.32250905036926]
./data/Sage2/bench_8382.smt2,"[1.00700431 0.85741056 0.57660626 0.         0.         0.
 0.         0.         0.         0.         0.57660626]",Z3,8.61233401298523,unsat,['Z3'],[8.61233401298523]
./data/Sage2/bench_121.smt2,"[0.13975648 0.20839555 0.2304     0.         0.         0.
 0.         0.         0.         0.         0.2304    ]",Z3,0.22882890701293945,unsat,['Z3'],[0.22882890701293945]
./data/Sage2/bench_15323.smt2,"[1.27578373 1.26867161 1.3260573  0.         0.         0.
 0.         0.         0.         0.         1.3260573 ]",Z3,0.8347389698028564,unsat,['Z3'],[0.8347389698028564]
./data/Sage2/bench_5988.smt2,"[1.08184765 0.92954105 0.6385696  0.         0.         0.
 0.         0.         0.         0.         0.6385696 ]",Z3,8.453243017196655,unsat,['Z3'],[8.453243017196655]
./data/Sage2/bench_10305.smt2,"[0.87770321 1.06016355 1.33333333 0.         0.         0.
 0.         0.         0.         0.         1.33333333]",Z3,21.70745301246643,unsat,['Z3'],[21.70745301246643]
./data/Sage2/bench_6466.smt2,"[0.5506937  0.44934218 0.25054945 0.         0.         0.
 0.         0.         0.         0.         0.25054945]",Z3,60,timeout (60.0 s),['Z3'],[60]
./data/Sage2/bench_3945.smt2,"[4.62304410e-03 8.30731450e+00 8.24517685e+00 0.00000000e+00
 0.00000000e+00 0.00000000e+00 0.00000000e+00 0.00000000e+00
 0.00000000e+00 0.00000000e+00 8.24517685e+00]",Z3,60,timeout (60.0 s),['Z3'],[60]
./data/Sage2/bench_12826.smt2,"[1.90909091 1.25127523 1.68752209 0.         0.         0.
 0.         0.         0.         0.         1.68752209]",Z3,60,timeout (60.0 s),['Z3'],[60]
./data/Sage2/bench_232.smt2,"[0.18653321 0.12317619 0.04756871 0.         0.         0.
 0.         0.         0.         0.         0.04756871]",Z3,60,timeout (60.0 s),['Z3'],[60]
./data/Sage2/bench_17416.smt2,"[0.48926786 0.69731075 0.33126294 0.         0.         0.
 0.         0.         0.         0.         0.33126294]",Z3,60,timeout (60.0 s),['Z3'],[60]
./data/Sage2/bench_11830.smt2,"[3.07154902 1.44275813 0.952443   0.         0.         0.
 0.         0.         0.         0.         0.952443  ]",Z3,60,timeout (60.0 s),['Z3'],[60]
./data/Sage2/bench_287.smt2,"[1.61447368 0.8982715  0.96022202 0.         0.         0.
 0.         0.         0.         0.         0.96022202]",Z3,60,timeout (60.0 s),['Z3'],[60]
./data/Sage2/bench_13423.smt2,"[1.48635537 0.77078093 1.15034762 0.         0.         0.
 0.         0.         0.         0.         1.15034762]",Z3,1.6416831016540527,unsat,['Z3'],[1.6416831016540527]
./data/Sage2/bench_15724.smt2,"[0.45436586 0.14229708 0.07503608 0.         0.         0.
 0.         0.         0.         0.         0.07503608]",Z3,22.091549158096313,unsat,['Z3'],[22.091549158096313]
./data/Sage2/bench_3783.smt2,"[ 2.19879731  7.59098073 11.98215392  0.          0.          0.
  0.          0.          0.          0.         11.98215392]",Z3,60,timeout (60.0 s),['Z3'],[60]
./data/Sage2/bench_13346.smt2,"[1.41618401 1.02337341 0.91710214 0.         0.         0.
 0.         0.         0.         0.         0.91710214]",Z3,60,timeout (60.0 s),['Z3'],[60]
./data/Sage2/bench_7283.smt2,"[0.19622642 0.10887047 0.02455807 0.         0.         0.
 0.         0.         0.         0.         0.02455807]",Z3,2.496945858001709,sat,['Z3'],[2.496945858001709]
./data/Sage2/bench_2856.smt2,"[0.429262   0.12686632 0.05397727 0.         0.         0.
 0.         0.         0.         0.         0.05397727]",Z3,60,timeout (60.0 s),['Z3'],[60]
./data/Sage2/bench_6373.smt2,"[0.21961348 0.08417068 0.05315379 0.         0.         0.
 0.         0.         0.         0.         0.05315379]",Z3,60,timeout (60.0 s),['Z3'],[60]
./data/Sage2/bench_8281.smt2,"[6.56054454 3.81479883 2.25501618 0.         0.         0.
 0.         0.         0.         0.         2.25501618]",Z3,60,timeout (60.0 s),['Z3'],[60]
./data/Sage2/bench_6955.smt2,"[0.96683938 0.38976014 0.31378612 0.         0.         0.
 0.         0.         0.         0.         0.31378612]",Z3,12.291038990020752,unsat,['Z3'],[12.291038990020752]
./data/Sage2/bench_4071.smt2,"[0.56543321 0.21562291 0.19565908 0.         0.         0.
 0.         0.         0.         0.         0.19565908]",Z3,1.2421860694885254,unsat,['Z3'],[1.2421860694885254]
./data/Sage2/bench_904.smt2,"[1.1559792  0.35074423 0.24960638 0.         0.         0.
 0.         0.         0.         0.         0.24960638]",Z3,1.8927061557769775,unsat,['Z3'],[1.8927061557769775]
./data/Sage2/bench_5313.smt2,"[2.24015235 2.31482833 3.18603997 0.         0.         0.
 0.         0.         0.         0.         3.18603997]",Z3,60,timeout (60.0 s),['Z3'],[60]
./data/Sage2/bench_14126.smt2,"[3.48091467 3.36109665 4.22076343 0.         0.         0.
 0.         0.         0.         0.         4.22076343]",Z3,60,timeout (60.0 s),['Z3'],[60]
./data/Sage2/bench_6993.smt2,"[2.05927406 0.99957587 0.78178368 0.         0.         0.
 0.         0.         0.         0.         0.78178368]",Z3,25.064300060272217,sat,['Z3'],[25.064300060272217]
./data/Sage2/bench_16102.smt2,"[0.43913258 0.17459322 0.11958406 0.         0.         0.
 0.         0.         0.         0.         0.11958406]",Z3,60,timeout (60.0 s),['Z3'],[60]
./data/Sage2/bench_5403.smt2,"[0.3291304  0.12360687 0.05081413 0.         0.         0.
 0.         0.         0.         0.         0.05081413]",Z3,60,timeout (60.0 s),['Z3'],[60]
./data/Sage2/bench_9500.smt2,"[0.24034577 0.08211679 0.01651073 0.         0.         0.
 0.         0.         0.         0.         0.01651073]",Z3,1.5926740169525146,unsat,['Z3'],[1.5926740169525146]
./data/Sage2/bench_4603.smt2,"[0.51035362 0.25845655 0.18023938 0.         0.         0.
 0.         0.         0.         0.         0.18023938]",Z3,60,timeout (60.0 s),['Z3'],[60]
./data/Sage2/bench_2630.smt2,"[0.97828952 0.88235553 0.96136849 0.         0.         0.
 0.         0.         0.         0.         0.96136849]",Z3,60,timeout (60.0 s),['Z3'],[60]
./data/Sage2/bench_10727.smt2,"[2.08047493 3.59003332 5.29328437 0.         0.         0.
 0.         0.         0.         0.         5.29328437]",Z3,60,timeout (60.0 s),['Z3'],[60]
./data/Sage2/bench_3027.smt2,"[0.33720846 0.12258557 0.04598454 0.         0.         0.
 0.         0.         0.         0.         0.04598454]",Z3,60,timeout (60.0 s),['Z3'],[60]
./data/Sage2/bench_9598.smt2,"[1.16534989 0.43312802 0.14099217 0.         0.         0.
 0.         0.         0.         0.         0.14099217]",Z3,55.32718110084534,sat,['Z3'],[55.32718110084534]
./data/Sage2/bench_433.smt2,"[1.08680126 0.42148231 0.2949258  0.         0.         0.
 0.         0.         0.         0.         0.2949258 ]",Z3,60,timeout (60.0 s),['Z3'],[60]
./data/Sage2/bench_10625.smt2,"[1.03797468 0.45291824 0.31873432 0.         0.         0.
 0.         0.         0.         0.         0.31873432]",Z3,1.0358660221099854,unsat,['Z3'],[1.0358660221099854]
./data/Sage2/bench_12483.smt2,"[0.89947541 0.8198037  0.92278162 0.         0.         0.
 0.         0.         0.         0.         0.92278162]",Z3,1.4870858192443848,sat,['Z3'],[1.4870858192443848]
./data/Sage2/bench_6295.smt2,"[1.31009034 4.50086674 3.71652454 0.         0.         0.
 0.         0.         0.         0.         3.71652454]",Z3,60,timeout (60.0 s),['Z3'],[60]
./data/Sage2/bench_4161.smt2,"[0.24487472 0.09114001 0.0259127  0.         0.         0.
 0.         0.         0.         0.         0.0259127 ]",Z3,1.2158081531524658,unsat,['Z3'],[1.2158081531524658]
./data/Sage2/bench_4059.smt2,"[1.90294796 1.01733799 1.28736147 0.         0.         0.
 0.         0.         0.         0.         1.28736147]",Z3,6.448507785797119,unsat,['Z3'],[6.448507785797119]
./data/Sage2/bench_1777.smt2,"[0.3480643  0.12571603 0.04993011 0.         0.         0.
 0.         0.         0.         0.         0.04993011]",Z3,60,timeout (60.0 s),['Z3'],[60]
./data/Sage2/bench_15544.smt2,"[2.05532503 1.01847943 0.45721881 0.         0.         0.
 0.         0.         0.         0.         0.45721881]",Z3,60,timeout (60.0 s),['Z3'],[60]
./data/Sage2/bench_13410.smt2,"[2.04831852 2.69184037 1.99904382 0.         0.         0.
 0.         0.         0.         0.         1.99904382]",Z3,60,timeout (60.0 s),['Z3'],[60]
./data/Sage2/bench_5976.smt2,"[1.31203958 0.53623341 0.39525692 0.         0.         0.
 0.         0.         0.         0.         0.39525692]",Z3,2.115696907043457,unsat,['Z3'],[2.115696907043457]
./data/Sage2/bench_1909.smt2,"[0.2836212  0.11191102 0.05101611 0.         0.         0.
 0.         0.         0.         0.         0.05101611]",Z3,60,timeout (60.0 s),['Z3'],[60]
./data/Sage2/bench_12500.smt2,"[0.6507551  0.22488926 0.18006296 0.         0.         0.
 0.         0.         0.         0.         0.18006296]",Z3,1.4497740268707275,unsat,['Z3'],[1.4497740268707275]
./data/Sage2/bench_15951.smt2,"[0.4495288  0.1880946  0.13590455 0.         0.         0.
 0.         0.         0.         0.         0.13590455]",Z3,60,timeout (60.0 s),['Z3'],[60]
./data/Sage2/bench_16674.smt2,"[0.45693817 0.42104484 0.53994405 0.         0.         0.
 0.         0.         0.         0.         0.53994405]",Z3,60,timeout (60.0 s),['Z3'],[60]
./data/Sage2/bench_7924.smt2,"[1.07222844 1.01282368 0.95479306 0.         0.         0.
 0.         0.         0.         0.         0.95479306]",Z3,60,timeout (60.0 s),['Z3'],[60]
./data/Sage2/bench_3466.smt2,"[ 1.88145015  7.10022193 11.23145171  0.          0.          0.
  0.          0.          0.          0.         11.23145171]",Z3,60,timeout (60.0 s),['Z3'],[60]
./data/Sage2/bench_16955.smt2,"[0.30399256 0.15606761 0.09032913 0.         0.         0.
 0.         0.         0.         0.         0.09032913]",Z3,1.295971155166626,unsat,['Z3'],[1.295971155166626]
./data/Sage2/bench_4243.smt2,"[0.91886166 0.47470022 0.22069301 0.         0.         0.
 0.         0.         0.         0.         0.22069301]",Z3,60,timeout (60.0 s),['Z3'],[60]
./data/Sage2/bench_15594.smt2,"[0.30243365 0.08240069 0.02625936 0.         0.         0.
 0.         0.         0.         0.         0.02625936]",Z3,20.18803310394287,unsat,['Z3'],[20.18803310394287]
./data/Sage2/bench_17022.smt2,"[0.19196791 0.05518778 0.01698892 0.         0.         0.
 0.         0.         0.         0.         0.01698892]",Z3,2.7365200519561768,unsat,['Z3'],[2.7365200519561768]
./data/Sage2/bench_14525.smt2,"[0.91528692 0.78816627 0.87073365 0.         0.         0.
 0.         0.         0.         0.         0.87073365]",Z3,1.8779349327087402,sat,['Z3'],[1.8779349327087402]
./data/Sage2/bench_7903.smt2,"[0.68924136 0.22130593 0.16272966 0.         0.         0.
 0.         0.         0.         0.         0.16272966]",Z3,1.3632910251617432,unsat,['Z3'],[1.3632910251617432]
./data/Sage2/bench_13087.smt2,"[1.51014664 0.63596045 0.52916124 0.         0.         0.
 0.         0.         0.         0.         0.52916124]",Z3,60,timeout (60.0 s),['Z3'],[60]
./data/Sage2/bench_3391.smt2,"[0.34389958 0.12491184 0.04791552 0.         0.         0.
 0.         0.         0.         0.         0.04791552]",Z3,60,timeout (60.0 s),['Z3'],[60]
./data/Sage2/bench_501.smt2,"[0.50960978 0.22920327 0.14311551 0.         0.         0.
 0.         0.         0.         0.         0.14311551]",Z3,60,timeout (60.0 s),['Z3'],[60]
./data/Sage2/bench_5136.smt2,"[0.34707429 0.12851027 0.04926728 0.         0.         0.
 0.         0.         0.         0.         0.04926728]",Z3,60,timeout (60.0 s),['Z3'],[60]
./data/Sage2/bench_11913.smt2,"[3.47908569 1.78753421 0.68263659 0.         0.         0.
 0.         0.         0.         0.         0.68263659]",Z3,0.2536640167236328,unsat,['Z3'],[0.2536640167236328]
./data/Sage2/bench_17812.smt2,"[2.93596378 1.93182481 2.26981919 0.         0.         0.
 0.         0.         0.         0.         2.26981919]",Z3,60,timeout (60.0 s),['Z3'],[60]
./data/Sage2/bench_9765.smt2,"[0.38005066 0.18338191 0.1113488  0.         0.         0.
 0.         0.         0.         0.         0.1113488 ]",Z3,60,timeout (60.0 s),['Z3'],[60]
./data/Sage2/bench_9287.smt2,"[0.16004813 0.05106373 0.01575867 0.         0.         0.
 0.         0.         0.         0.         0.01575867]",Z3,9.861594915390015,unsat,['Z3'],[9.861594915390015]
./data/Sage2/bench_10114.smt2,"[0.38804005 0.18806023 0.11436599 0.         0.         0.
 0.         0.         0.         0.         0.11436599]",Z3,60,timeout (60.0 s),['Z3'],[60]
./data/Sage2/bench_14862.smt2,"[1.87706893 0.6191402  0.36495099 0.         0.         0.
 0.         0.         0.         0.         0.36495099]",Z3,2.5991408824920654,unsat,['Z3'],[2.5991408824920654]
./data/Sage2/bench_5279.smt2,"[0.32190933 0.12402045 0.04350579 0.         0.         0.
 0.         0.         0.         0.         0.04350579]",Z3,60,timeout (60.0 s),['Z3'],[60]
./data/Sage2/bench_111.smt2,"[0.67223734 0.23983537 0.18147364 0.         0.         0.
 0.         0.         0.         0.         0.18147364]",Z3,1.0350229740142822,unsat,['Z3'],[1.0350229740142822]
./data/Sage2/bench_2065.smt2,"[0.28923253 0.12050317 0.05291104 0.         0.         0.
 0.         0.         0.         0.         0.05291104]",Z3,60,timeout (60.0 s),['Z3'],[60]
./data/Sage2/bench_4092.smt2,"[1.11230671 1.0915913  0.95849831 0.         0.         0.
 0.         0.         0.         0.         0.95849831]",Z3,60,timeout (60.0 s),['Z3'],[60]
./data/Sage2/bench_10346.smt2,"[3.03068527 1.75704865 1.71405527 0.         0.         0.
 0.         0.         0.         0.         1.71405527]",Z3,60,timeout (60.0 s),['Z3'],[60]
./data/Sage2/bench_13595.smt2,"[1.89519343 1.04481884 0.47796501 0.         0.         0.
 0.         0.         0.         0.         0.47796501]",Z3,60,timeout (60.0 s),['Z3'],[60]
./data/Sage2/bench_15183.smt2,"[0.46802917 0.45128769 0.57833498 0.         0.         0.
 0.         0.         0.         0.         0.57833498]",Z3,49.87725782394409,sat,['Z3'],[49.87725782394409]
./data/Sage2/bench_1520.smt2,"[1.14171188 0.69589656 0.61763054 0.         0.         0.
 0.         0.         0.         0.         0.61763054]",Z3,6.201406955718994,sat,['Z3'],[6.201406955718994]
./data/Sage2/bench_1642.smt2,"[0.27615538 0.1187447  0.05397159 0.         0.         0.
 0.         0.         0.         0.         0.05397159]",Z3,60,timeout (60.0 s),['Z3'],[60]
./data/Sage2/bench_1318.smt2,"[4.04308539 1.99593386 0.91562923 0.         0.         0.
 0.         0.         0.         0.         0.91562923]",Z3,0.41005802154541016,unsat,['Z3'],[0.41005802154541016]
./data/Sage2/bench_7792.smt2,"[2.59555978 2.11707079 1.37842723 0.         0.         0.
 0.         0.         0.         0.         1.37842723]",Z3,60,timeout (60.0 s),['Z3'],[60]
./data/Sage2/bench_17024.smt2,"[0.43201969 0.44008022 0.55206992 0.         0.         0.
 0.         0.         0.         0.         0.55206992]",Z3,60,timeout (60.0 s),['Z3'],[60]
./data/Sage2/bench_5696.smt2,"[0.47207405 0.26894751 0.18676267 0.         0.         0.
 0.         0.         0.         0.         0.18676267]",Z3,60,timeout (60.0 s),['Z3'],[60]
./data/Sage2/bench_17858.smt2,"[0.5469851  0.23453776 0.20012141 0.         0.         0.
 0.         0.         0.         0.         0.20012141]",Z3,11.787734985351562,unsat,['Z3'],[11.787734985351562]
./data/Sage2/bench_8944.smt2,"[1.60021423 0.77927172 0.66674475 0.         0.         0.
 0.         0.         0.         0.         0.66674475]",Z3,3.9986319541931152,unsat,['Z3'],[3.9986319541931152]
./data/Sage2/bench_212.smt2,"[2.26697278 1.70339964 1.02457579 0.         0.         0.
 0.         0.         0.         0.         1.02457579]",Z3,6.603055953979492,sat,['Z3'],[6.603055953979492]
./data/Sage2/bench_7229.smt2,"[1.02042561 1.08972039 0.99264081 0.         0.         0.
 0.         0.         0.         0.         0.99264081]",Z3,60,timeout (60.0 s),['Z3'],[60]
./data/Sage2/bench_1247.smt2,"[0.26185088 0.11892795 0.05589514 0.         0.         0.
 0.         0.         0.         0.         0.05589514]",Z3,60,timeout (60.0 s),['Z3'],[60]
./data/Sage2/bench_7776.smt2,"[1.06514667 0.80788246 0.58223449 0.         0.         0.
 0.         0.         0.         0.         0.58223449]",Z3,60,timeout (60.0 s),['Z3'],[60]
./data/Sage2/bench_17048.smt2,"[0.30361278 0.19795381 0.11638392 0.         0.         0.
 0.         0.         0.         0.         0.11638392]",Z3,1.0922300815582275,unsat,['Z3'],[1.0922300815582275]
./data/Sage2/bench_17039.smt2,"[0.43677068 0.45870682 0.58454745 0.         0.         0.
 0.         0.         0.         0.         0.58454745]",Z3,60,timeout (60.0 s),['Z3'],[60]
./data/Sage2/bench_11092.smt2,"[ 1.19261514  6.61984406 10.24767375  0.          0.          0.
  0.          0.          0.          0.         10.24767375]",Z3,60,timeout (60.0 s),['Z3'],[60]
./data/Sage2/bench_14975.smt2,"[0.23453462 0.23035114 0.29374714 0.         0.         0.
 0.         0.         0.         0.         0.29374714]",Z3,60,timeout (60.0 s),['Z3'],[60]
./data/Sage2/bench_1975.smt2,"[0.45549028 0.24825702 0.15640989 0.         0.         0.
 0.         0.         0.         0.         0.15640989]",Z3,60,timeout (60.0 s),['Z3'],[60]
./data/Sage2/bench_7309.smt2,"[1.05408274 1.06774095 0.93633584 0.         0.         0.
 0.         0.         0.         0.         0.93633584]",Z3,60,timeout (60.0 s),['Z3'],[60]
./data/Sage2/bench_4001.smt2,"[1.64199192 2.14489152 3.68698068 0.         0.         0.
 0.         0.         0.         0.         3.68698068]",Z3,60,timeout (60.0 s),['Z3'],[60]
./data/Sage2/bench_6892.smt2,"[1.13703503 0.53355817 0.3841791  0.         0.         0.
 0.         0.         0.         0.         0.3841791 ]",Z3,2.0900049209594727,unsat,['Z3'],[2.0900049209594727]
./data/Sage2/bench_8464.smt2,"[0.71973475 0.2962847  0.13550136 0.         0.         0.
 0.         0.         0.         0.         0.13550136]",Z3,8.7726731300354,unsat,['Z3'],[8.7726731300354]
./data/Sage2/bench_8517.smt2,"[ 2.0302446   9.42189666 14.23912841  0.          0.          0.
  0.          0.          0.          0.         14.23912841]",Z3,60,timeout (60.0 s),['Z3'],[60]
./data/Sage2/bench_4839.smt2,"[0.64521379 0.22208386 0.15647808 0.         0.         0.
 0.         0.         0.         0.         0.15647808]",Z3,2.669301986694336,unsat,['Z3'],[2.669301986694336]
./data/Sage2/bench_15886.smt2,"[0.22928452 0.07482732 0.01914943 0.         0.         0.
 0.         0.         0.         0.         0.01914943]",Z3,5.9116480350494385,unsat,['Z3'],[5.9116480350494385]
./data/Sage2/bench_11287.smt2,"[1.15812918 1.10061226 0.51944689 0.         0.         0.
 0.         0.         0.         0.         0.51944689]",Z3,11.467446088790894,sat,['Z3'],[11.467446088790894]
./data/Sage2/bench_3809.smt2,"[0.83356884 0.3775508  0.26398339 0.         0.         0.
 0.         0.         0.         0.         0.26398339]",Z3,17.66450786590576,unsat,['Z3'],[17.66450786590576]
./data/Sage2/bench_15022.smt2,"[2.64734469 1.15599956 0.70190633 0.         0.         0.
 0.         0.         0.         0.         0.70190633]",Z3,36.6400511264801,sat,['Z3'],[36.6400511264801]
./data/Sage2/bench_1692.smt2,"[0.31535042 0.12540594 0.04656116 0.         0.         0.
 0.         0.         0.         0.         0.04656116]",Z3,60,timeout (60.0 s),['Z3'],[60]
./data/Sage2/bench_7046.smt2,"[0.17236048 0.06423046 0.01236603 0.         0.         0.
 0.         0.         0.         0.         0.01236603]",Z3,0.23630499839782715,unsat,['Z3'],[0.23630499839782715]
./data/Sage2/bench_15122.smt2,"[0.44125171 0.41660315 0.48210296 0.         0.         0.
 0.         0.         0.         0.         0.48210296]",Z3,60,timeout (60.0 s),['Z3'],[60]
./data/Sage2/bench_15720.smt2,"[0.83772859 0.38766136 0.27267972 0.         0.         0.
 0.         0.         0.         0.         0.27267972]",Z3,34.346843957901,unsat,['Z3'],[34.346843957901]
./data/Sage2/bench_7504.smt2,"[0.17481175 0.06549191 0.01262052 0.         0.         0.
 0.         0.         0.         0.         0.01262052]",Z3,0.2988309860229492,unsat,['Z3'],[0.2988309860229492]
./data/Sage2/bench_4794.smt2,"[2.08003478 1.09445994 0.45908916 0.         0.         0.
 0.         0.         0.         0.         0.45908916]",Z3,60,timeout (60.0 s),['Z3'],[60]
./data/Sage2/bench_17367.smt2,"[1.56892117 0.98882332 0.91380821 0.         0.         0.
 0.         0.         0.         0.         0.91380821]",Z3,19.701996088027954,sat,['Z3'],[19.701996088027954]
./data/Sage2/bench_16.smt2,"[1.84038989 1.00474279 0.43876569 0.         0.         0.
 0.         0.         0.         0.         0.43876569]",Z3,60,timeout (60.0 s),['Z3'],[60]
./data/Sage2/bench_12067.smt2,"[0.65106472 0.26545443 0.11568382 0.         0.         0.
 0.         0.         0.         0.         0.11568382]",Z3,5.361417055130005,unsat,['Z3'],[5.361417055130005]
./data/Sage2/bench_14880.smt2,"[1.04186004 0.92985811 0.60362925 0.         0.         0.
 0.         0.         0.         0.         0.60362925]",Z3,60,timeout (60.0 s),['Z3'],[60]
./data/Sage2/bench_11406.smt2,"[0.12682781 0.04416149 0.0130078  0.         0.         0.
 0.         0.         0.         0.         0.0130078 ]",Z3,1.5534648895263672,unsat,['Z3'],[1.5534648895263672]
./data/Sage2/bench_11751.smt2,"[3.28086461 1.79668265 0.88798164 0.         0.         0.
 0.         0.         0.         0.         0.88798164]",Z3,39.34649109840393,sat,['Z3'],[39.34649109840393]
./data/Sage2/bench_152.smt2,"[0.30340848 0.12728573 0.04987537 0.         0.         0.
 0.         0.         0.         0.         0.04987537]",Z3,60,timeout (60.0 s),['Z3'],[60]
./data/Sage2/bench_13450.smt2,"[2.63540117 1.46493129 0.95586144 0.         0.         0.
 0.         0.         0.         0.         0.95586144]",Z3,60,timeout (60.0 s),['Z3'],[60]
./data/Sage2/bench_2839.smt2,"[0.22719532 0.08910012 0.01588517 0.         0.         0.
 0.         0.         0.         0.         0.01588517]",Z3,2.8984038829803467,unsat,['Z3'],[2.8984038829803467]
./data/Sage2/bench_11822.smt2,"[0.59638908 0.34687097 0.28761651 0.         0.         0.
 0.         0.         0.         0.         0.28761651]",Z3,55.93845987319946,unsat,['Z3'],[55.93845987319946]
./data/Sage2/bench_4614.smt2,"[0.19477223 0.30811293 0.24651984 0.         0.         0.
 0.         0.         0.         0.         0.24651984]",Z3,47.23058581352234,sat,['Z3'],[47.23058581352234]
./data/Sage2/bench_16293.smt2,"[0.15312954 0.05306019 0.01620597 0.         0.         0.
 0.         0.         0.         0.         0.01620597]",Z3,5.3542680740356445,unsat,['Z3'],[5.3542680740356445]
./data/Sage2/bench_454.smt2,"[1.12184648 1.77789934 2.75594325 0.         0.         0.
 0.         0.         0.         0.         2.75594325]",Z3,19.536424160003662,unsat,['Z3'],[19.536424160003662]
./data/Sage2/bench_2565.smt2,"[0.30496059 0.12858921 0.0509763  0.         0.         0.
 0.         0.         0.         0.         0.0509763 ]",Z3,60,timeout (60.0 s),['Z3'],[60]
./data/Sage2/bench_9454.smt2,"[0.97713071 1.45402179 1.02203025 0.         0.         0.
 0.         0.         0.         0.         1.02203025]",Z3,5.356956958770752,unsat,['Z3'],[5.356956958770752]
./data/Sage2/bench_1657.smt2,"[0.30938852 0.13025173 0.0513481  0.         0.         0.
 0.         0.         0.         0.         0.0513481 ]",Z3,60,timeout (60.0 s),['Z3'],[60]
./data/Sage2/bench_7475.smt2,"[1.01489335 0.35383144 0.22295289 0.         0.         0.
 0.         0.         0.         0.         0.22295289]",Z3,1.4418389797210693,unsat,['Z3'],[1.4418389797210693]
./data/Sage2/bench_2988.smt2,"[0.27561452 0.1036021  0.01917727 0.         0.         0.
 0.         0.         0.         0.         0.01917727]",Z3,6.498416900634766,unsat,['Z3'],[6.498416900634766]
./data/Sage2/bench_15711.smt2,"[1.6883612  0.82235836 0.67016102 0.         0.         0.
 0.         0.         0.         0.         0.67016102]",Z3,6.450416088104248,sat,['Z3'],[6.450416088104248]
./data/Sage2/bench_6737.smt2,"[0.3736518  0.19772611 0.1188965  0.         0.         0.
 0.         0.         0.         0.         0.1188965 ]",Z3,60,timeout (60.0 s),['Z3'],[60]
./data/Sage2/bench_14601.smt2,"[0.6317835  0.26751549 0.12525113 0.         0.         0.
 0.         0.         0.         0.         0.12525113]",Z3,60,timeout (60.0 s),['Z3'],[60]
./data/Sage2/bench_15081.smt2,"[0.23930536 0.24157906 0.3021799  0.         0.         0.
 0.         0.         0.         0.         0.3021799 ]",Z3,60,timeout (60.0 s),['Z3'],[60]
./data/Sage2/bench_16382.smt2,"[3.13449894 2.03228096 2.85848594 0.         0.         0.
 0.         0.         0.         0.         2.85848594]",Z3,4.658235788345337,sat,['Z3'],[4.658235788345337]
./data/Sage2/bench_8637.smt2,"[0.44303216 0.18419478 0.10276728 0.         0.         0.
 0.         0.         0.         0.         0.10276728]",Z3,60,timeout (60.0 s),['Z3'],[60]
./data/Sage2/bench_11570.smt2,"[1.07841932 0.98916194 1.01092664 0.         0.         0.
 0.         0.         0.         0.         1.01092664]",Z3,60,timeout (60.0 s),['Z3'],[60]
./data/Sage2/bench_16594.smt2,"[0.95918247 0.60705702 0.54614841 0.         0.         0.
 0.         0.         0.         0.         0.54614841]",Z3,5.256000995635986,sat,['Z3'],[5.256000995635986]
./data/Sage2/bench_17222.smt2,"[0.24588714 0.13099544 0.07013118 0.         0.         0.
 0.         0.         0.         0.         0.07013118]",Z3,2.6929008960723877,unsat,['Z3'],[2.6929008960723877]
./data/Sage2/bench_14708.smt2,"[0.44983445 0.46350862 0.55160214 0.         0.         0.
 0.         0.         0.         0.         0.55160214]",Z3,60,timeout (60.0 s),['Z3'],[60]
./data/Sage2/bench_12392.smt2,"[0.23166748 0.0891114  0.01700434 0.         0.         0.
 0.         0.         0.         0.         0.01700434]",Z3,1.2904391288757324,unsat,['Z3'],[1.2904391288757324]
./data/Sage2/bench_12756.smt2,"[1.95852623 1.10607062 0.72692369 0.         0.         0.
 0.         0.         0.         0.         0.72692369]",Z3,13.975924015045166,sat,['Z3'],[13.975924015045166]
./data/Sage2/bench_2655.smt2,"[0.29180303 0.1286769  0.05431067 0.         0.         0.
 0.         0.         0.         0.         0.05431067]",Z3,60,timeout (60.0 s),['Z3'],[60]
./data/Sage2/bench_6651.smt2,"[0.90902135 0.60640201 0.57339678 0.         0.         0.
 0.         0.         0.         0.         0.57339678]",Z3,11.113000869750977,sat,['Z3'],[11.113000869750977]
./data/Sage2/bench_15714.smt2,"[1.10926555 0.83897852 0.56936044 0.         0.         0.
 0.         0.         0.         0.         0.56936044]",Z3,60,timeout (60.0 s),['Z3'],[60]
./data/Sage2/bench_8231.smt2,"[1.23116306 0.80742494 0.71454226 0.         0.         0.
 0.         0.         0.         0.         0.71454226]",Z3,6.16134786605835,sat,['Z3'],[6.16134786605835]
./data/Sage2/bench_1538.smt2,"[0.26239149 0.11946814 0.05509745 0.         0.         0.
 0.         0.         0.         0.         0.05509745]",Z3,60,timeout (60.0 s),['Z3'],[60]
./data/Sage2/bench_13576.smt2,"[2.3723123  1.60901294 0.83897923 0.         0.         0.
 0.         0.         0.         0.         0.83897923]",Z3,17.596885919570923,unsat,['Z3'],[17.596885919570923]
./data/Sage2/bench_6108.smt2,"[0.10735664 0.09478173 0.02629927 0.         0.         0.
 0.         0.         0.         0.         0.02629927]",Z3,15.44938588142395,sat,['Z3'],[15.44938588142395]
./data/Sage2/bench_1518.smt2,"[0.30973451 0.1387426  0.05587249 0.         0.         0.
 0.         0.         0.         0.         0.05587249]",Z3,60,timeout (60.0 s),['Z3'],[60]
./data/Sage2/bench_9176.smt2,"[0.29174717 0.12289745 0.04439087 0.         0.         0.
 0.         0.         0.         0.         0.04439087]",Z3,60,timeout (60.0 s),['Z3'],[60]
./data/Sage2/bench_7878.smt2,"[0.15925885 0.05798173 0.01787184 0.         0.         0.
 0.         0.         0.         0.         0.01787184]",Z3,5.807455062866211,unsat,['Z3'],[5.807455062866211]
./data/Sage2/bench_11932.smt2,"[1.43756146 0.7084615  0.52885348 0.         0.         0.
 0.         0.         0.         0.         0.52885348]",Z3,60,timeout (60.0 s),['Z3'],[60]
./data/Sage2/bench_16691.smt2,"[0.15967258 0.05845043 0.01804229 0.         0.         0.
 0.         0.         0.         0.         0.01804229]",Z3,1.4026250839233398,unsat,['Z3'],[1.4026250839233398]
./data/Sage2/bench_12317.smt2,"[1.24736111 0.83290814 0.74697344 0.         0.         0.
 0.         0.         0.         0.         0.74697344]",Z3,12.824787855148315,sat,['Z3'],[12.824787855148315]
./data/Sage2/bench_3065.smt2,"[0.2837794  0.12917789 0.05454651 0.         0.         0.
 0.         0.         0.         0.         0.05454651]",Z3,60,timeout (60.0 s),['Z3'],[60]
./data/Sage2/bench_5378.smt2,"[2.0457026  4.35253938 6.27730638 0.         0.         0.
 0.         0.         0.         0.         6.27730638]",Z3,60,timeout (60.0 s),['Z3'],[60]
./data/Sage2/bench_17164.smt2,"[0.18795497 0.06651793 0.02062279 0.         0.         0.
 0.         0.         0.         0.         0.02062279]",Z3,10.917957067489624,unsat,['Z3'],[10.917957067489624]
./data/Sage2/bench_2992.smt2,"[0.34647887 0.14694757 0.05334775 0.         0.         0.
 0.         0.         0.         0.         0.05334775]",Z3,60,timeout (60.0 s),['Z3'],[60]
./data/Sage2/bench_7501.smt2,"[2.09532468 1.20451067 0.51133408 0.         0.         0.
 0.         0.         0.         0.         0.51133408]",Z3,60,timeout (60.0 s),['Z3'],[60]
./data/Sage2/bench_12677.smt2,"[0.98203145 0.57038724 0.4325952  0.         0.         0.
 0.         0.         0.         0.         0.4325952 ]",Z3,6.610122203826904,sat,['Z3'],[6.610122203826904]
./data/Sage2/bench_1949.smt2,"[0.29225138 0.13374537 0.05701689 0.         0.         0.
 0.         0.         0.         0.         0.05701689]",Z3,60,timeout (60.0 s),['Z3'],[60]
./data/Sage2/bench_10716.smt2,"[2.10162323 2.32951242 3.04304594 0.         0.         0.
 0.         0.         0.         0.         3.04304594]",Z3,60,timeout (60.0 s),['Z3'],[60]
./data/Sage2/bench_7837.smt2,"[0.24394331 0.09912208 0.01788538 0.         0.         0.
 0.         0.         0.         0.         0.01788538]",Z3,5.409980058670044,unsat,['Z3'],[5.409980058670044]
./data/Sage2/bench_14769.smt2,"[0.84757871 0.62767236 0.64526642 0.         0.         0.
 0.         0.         0.         0.         0.64526642]",Z3,8.588250875473022,sat,['Z3'],[8.588250875473022]
./data/Sage2/bench_8888.smt2,"[0.4365012  0.17943807 0.09311668 0.         0.         0.
 0.         0.         0.         0.         0.09311668]",Z3,60,timeout (60.0 s),['Z3'],[60]
./data/Sage2/bench_3646.smt2,"[0.72494637 0.32799175 0.14492334 0.         0.         0.
 0.         0.         0.         0.         0.14492334]",Z3,9.521388053894043,unsat,['Z3'],[9.521388053894043]
./data/Sage2/bench_9838.smt2,"[2.26474705 1.33195021 0.57511441 0.         0.         0.
 0.         0.         0.         0.         0.57511441]",Z3,60,timeout (60.0 s),['Z3'],[60]
./data/Sage2/bench_1085.smt2,"[0.34006286 0.14920732 0.05783397 0.         0.         0.
 0.         0.         0.         0.         0.05783397]",Z3,60,timeout (60.0 s),['Z3'],[60]
./data/Sage2/bench_17534.smt2,"[0.43706874 0.18159209 0.09486607 0.         0.         0.
 0.         0.         0.         0.         0.09486607]",Z3,60,timeout (60.0 s),['Z3'],[60]
./data/Sage2/bench_15139.smt2,"[1.21939691 1.98547076 2.81856488 0.         0.         0.
 0.         0.         0.         0.         2.81856488]",Z3,18.01960802078247,unsat,['Z3'],[18.01960802078247]
./data/Sage2/bench_6765.smt2,"[0.95492958 0.98978551 1.03216951 0.         0.         0.
 0.         0.         0.         0.         1.03216951]",Z3,60,timeout (60.0 s),['Z3'],[60]
./data/Sage2/bench_2944.smt2,"[0.24614454 0.10098508 0.018265   0.         0.         0.
 0.         0.         0.         0.         0.018265  ]",Z3,5.854874849319458,unsat,['Z3'],[5.854874849319458]
./data/Sage2/bench_7870.smt2,"[3.58952511 2.77825189 2.12014392 0.         0.         0.
 0.         0.         0.         0.         2.12014392]",Z3,60,timeout (60.0 s),['Z3'],[60]
./data/Sage2/bench_17080.smt2,"[0.2993988  0.10323992 0.03345383 0.         0.         0.
 0.         0.         0.         0.         0.03345383]",Z3,51.132949113845825,unsat,['Z3'],[51.132949113845825]
./data/Sage2/bench_8420.smt2,"[1.04065868 1.09798725 1.0368502  0.         0.         0.
 0.         0.         0.         0.         1.0368502 ]",Z3,60,timeout (60.0 s),['Z3'],[60]
./data/Sage2/bench_16050.smt2,"[0.9458357  1.35574154 1.85185059 0.         0.         0.
 0.         0.         0.         0.         1.85185059]",Z3,26.667269945144653,sat,['Z3'],[26.667269945144653]
./data/Sage2/bench_9450.smt2,"[0.16026157 0.05941999 0.0182561  0.         0.         0.
 0.         0.         0.         0.         0.0182561 ]",Z3,3.5598490238189697,unsat,['Z3'],[3.5598490238189697]
./data/Sage2/bench_6760.smt2,"[0.89741938 0.9343524  1.02826357 0.         0.         0.
 0.         0.         0.         0.         1.02826357]",Z3,2.0342941284179688,sat,['Z3'],[2.0342941284179688]
./data/Sage2/bench_7220.smt2,"[0.16110544 0.05975414 0.0183533  0.         0.         0.
 0.         0.         0.         0.         0.0183533 ]",Z3,7.864948034286499,unsat,['Z3'],[7.864948034286499]
./data/Sage2/bench_3511.smt2,"[0.42814399 0.18897983 0.07379096 0.         0.         0.
 0.         0.         0.         0.         0.07379096]",Z3,60,timeout (60.0 s),['Z3'],[60]
./data/Sage2/bench_2530.smt2,"[0.34432509 0.15076248 0.05872164 0.         0.         0.
 0.         0.         0.         0.         0.05872164]",Z3,60,timeout (60.0 s),['Z3'],[60]
./data/Sage2/bench_11652.smt2,"[0.90822391 0.95193949 1.05051665 0.         0.         0.
 0.         0.         0.         0.         1.05051665]",Z3,2.196916103363037,sat,['Z3'],[2.196916103363037]
./data/Sage2/bench_6888.smt2,"[0.16302675 0.06063056 0.01863794 0.         0.         0.
 0.         0.         0.         0.         0.01863794]",Z3,7.012452125549316,unsat,['Z3'],[7.012452125549316]
./data/Sage2/bench_4053.smt2,"[0.53333127 0.28293569 0.26509213 0.         0.         0.
 0.         0.         0.         0.         0.26509213]",Z3,35.136210918426514,unsat,['Z3'],[35.136210918426514]
./data/Sage2/bench_6170.smt2,"[2.49998471 1.45813526 0.87384017 0.         0.         0.
 0.         0.         0.         0.         0.87384017]",Z3,60,timeout (60.0 s),['Z3'],[60]
./data/Sage2/bench_12903.smt2,"[0.62696211 0.19960564 0.04078038 0.         0.         0.
 0.         0.         0.         0.         0.04078038]",Z3,0.952368974685669,unsat,['Z3'],[0.952368974685669]
./data/Sage2/bench_16852.smt2,"[3.41224881 1.96631106 1.16591091 0.         0.         0.
 0.         0.         0.         0.         1.16591091]",Z3,60,timeout (60.0 s),['Z3'],[60]
./data/Sage2/bench_5097.smt2,"[0.29083874 0.1371166  0.05984701 0.         0.         0.
 0.         0.         0.         0.         0.05984701]",Z3,60,timeout (60.0 s),['Z3'],[60]
./data/Sage2/bench_12198.smt2,"[0.16166351 0.0612434  0.01899715 0.         0.         0.
 0.         0.         0.         0.         0.01899715]",Z3,5.812091827392578,unsat,['Z3'],[5.812091827392578]
./data/Sage2/bench_5830.smt2,"[0.24772653 0.10431616 0.01909523 0.         0.         0.
 0.         0.         0.         0.         0.01909523]",Z3,3.1525509357452393,unsat,['Z3'],[3.1525509357452393]
./data/Sage2/bench_10124.smt2,"[0.24013579 0.24083254 0.25240457 0.         0.         0.
 0.         0.         0.         0.         0.25240457]",Z3,60,timeout (60.0 s),['Z3'],[60]
./data/Sage2/bench_4253.smt2,"[1.06595099 0.87846031 0.76454014 0.         0.         0.
 0.         0.         0.         0.         0.76454014]",Z3,60,timeout (60.0 s),['Z3'],[60]
./data/Sage2/bench_1208.smt2,"[0.37271854 0.16587788 0.06107503 0.         0.         0.
 0.         0.         0.         0.         0.06107503]",Z3,60,timeout (60.0 s),['Z3'],[60]
./data/Sage2/bench_3362.smt2,"[1.06048357 0.89003646 0.6151826  0.         0.         0.
 0.         0.         0.         0.         0.6151826 ]",Z3,60,timeout (60.0 s),['Z3'],[60]
./data/Sage2/bench_2430.smt2,"[1.0174002  1.10829003 1.09775967 0.         0.         0.
 0.         0.         0.         0.         1.09775967]",Z3,60,timeout (60.0 s),['Z3'],[60]
./data/Sage2/bench_12612.smt2,"[3.64155114 2.89736963 2.24238045 0.         0.         0.
 0.         0.         0.         0.         2.24238045]",Z3,60,timeout (60.0 s),['Z3'],[60]
./data/Sage2/bench_17107.smt2,"[0.46493514 0.49889096 0.60259337 0.         0.         0.
 0.         0.         0.         0.         0.60259337]",Z3,60,timeout (60.0 s),['Z3'],[60]
./data/Sage2/bench_11208.smt2,"[2.04451089 1.02462158 0.74138765 0.         0.         0.
 0.         0.         0.         0.         0.74138765]",Z3,44.520304918289185,sat,['Z3'],[44.520304918289185]
./data/Sage2/bench_11663.smt2,"[1.03476471 0.38782996 0.21266312 0.         0.         0.
 0.         0.         0.         0.         0.21266312]",Z3,1.291184902191162,unsat,['Z3'],[1.291184902191162]
./data/Sage2/bench_2370.smt2,"[1.55487012 4.1793011  6.39588208 0.         0.         0.
 0.         0.         0.         0.         6.39588208]",Z3,60,timeout (60.0 s),['Z3'],[60]
./data/Sage2/bench_1508.smt2,"[1.00935334 1.09929775 1.0687499  0.         0.         0.
 0.         0.         0.         0.         1.0687499 ]",Z3,60,timeout (60.0 s),['Z3'],[60]
./data/Sage2/bench_14152.smt2,"[1.41133948 1.62302249 2.13175712 0.         0.         0.
 0.         0.         0.         0.         2.13175712]",Z3,2.7154481410980225,sat,['Z3'],[2.7154481410980225]
./data/Sage2/bench_2623.smt2,"[0.32655765 0.14695693 0.05948982 0.         0.         0.
 0.         0.         0.         0.         0.05948982]",Z3,60,timeout (60.0 s),['Z3'],[60]
./data/Sage2/bench_15220.smt2,"[0.32199397 0.22008463 0.12263587 0.         0.         0.
 0.         0.         0.         0.         0.12263587]",Z3,1.0364711284637451,unsat,['Z3'],[1.0364711284637451]
./data/Sage2/bench_16876.smt2,"[0.46442957 0.49962945 0.59862655 0.         0.         0.
 0.         0.         0.         0.         0.59862655]",Z3,60,timeout (60.0 s),['Z3'],[60]
./data/Sage2/bench_11366.smt2,"[0.12797439 0.55203453 0.30979979 0.         0.         0.
 0.         0.         0.         0.         0.30979979]",Z3,17.23390793800354,unsat,['Z3'],[17.23390793800354]
./data/Sage2/bench_14873.smt2,"[3.61660997 2.86833945 2.2031368  0.         0.         0.
 0.         0.         0.         0.         2.2031368 ]",Z3,60,timeout (60.0 s),['Z3'],[60]
./data/Sage2/bench_13202.smt2,"[0.69177363 0.31900607 0.14201157 0.         0.         0.
 0.         0.         0.         0.         0.14201157]",Z3,60,timeout (60.0 s),['Z3'],[60]
./data/Sage2/bench_2633.smt2,"[0.36949485 0.16373186 0.06023005 0.         0.         0.
 0.         0.         0.         0.         0.06023005]",Z3,60,timeout (60.0 s),['Z3'],[60]
./data/Sage2/bench_3778.smt2,"[0.46375491 0.20039812 0.05731619 0.         0.         0.
 0.         0.         0.         0.         0.05731619]",Z3,60,timeout (60.0 s),['Z3'],[60]
./data/Sage2/bench_7443.smt2,"[0.51300837 0.33119878 0.29392971 0.         0.         0.
 0.         0.         0.         0.         0.29392971]",Z3,5.886393070220947,sat,['Z3'],[5.886393070220947]
./data/Sage2/bench_3238.smt2,"[0.34117302 0.15488515 0.06097175 0.         0.         0.
 0.         0.         0.         0.         0.06097175]",Z3,60,timeout (60.0 s),['Z3'],[60]
./data/Sage2/bench_6752.smt2,"[0.36784948 0.16423936 0.06124047 0.         0.         0.
 0.         0.         0.         0.         0.06124047]",Z3,60,timeout (60.0 s),['Z3'],[60]
./data/Sage2/bench_153.smt2,"[0.33752411 0.15854342 0.06150904 0.         0.         0.
 0.         0.         0.         0.         0.06150904]",Z3,58.99448299407959,sat,['Z3'],[58.99448299407959]
./data/Sage2/bench_8351.smt2,"[0.19236495 0.07201992 0.02276423 0.         0.         0.
 0.         0.         0.         0.         0.02276423]",Z3,13.828616857528687,unsat,['Z3'],[13.828616857528687]
./data/Sage2/bench_5145.smt2,"[0.33120098 0.1544407  0.06205692 0.         0.         0.
 0.         0.         0.         0.         0.06205692]",Z3,60,timeout (60.0 s),['Z3'],[60]
./data/Sage2/bench_9675.smt2,"[0.32933568 0.1826697  0.11150392 0.         0.         0.
 0.         0.         0.         0.         0.11150392]",Z3,60,timeout (60.0 s),['Z3'],[60]
./data/Sage2/bench_16866.smt2,"[0.47203269 0.51755504 0.6274601  0.         0.         0.
 0.         0.         0.         0.         0.6274601 ]",Z3,60,timeout (60.0 s),['Z3'],[60]
./data/Sage2/bench_2821.smt2,"[0.52819038 0.87332235 1.184931   0.         0.         0.
 0.         0.         0.         0.         1.184931  ]",Z3,60,timeout (60.0 s),['Z3'],[60]
./data/Sage2/bench_9354.smt2,"[0.78724187 0.51997665 0.49020454 0.         0.         0.
 0.         0.         0.         0.         0.49020454]",Z3,3.801395893096924,unsat,['Z3'],[3.801395893096924]
./data/Sage2/bench_349.smt2,"[0.03501163 0.0707511  0.11230806 0.         0.         0.
 0.         0.         0.         0.         0.11230806]",Z3,2.9996531009674072,unsat,['Z3'],[2.9996531009674072]
./data/Sage2/bench_1554.smt2,"[0.27515325 0.1335512  0.06302527 0.         0.         0.
 0.         0.         0.         0.         0.06302527]",Z3,46.22339200973511,sat,['Z3'],[46.22339200973511]
./data/Sage2/bench_2599.smt2,"[0.34055492 0.15715176 0.06329001 0.         0.         0.
 0.         0.         0.         0.         0.06329001]",Z3,60,timeout (60.0 s),['Z3'],[60]
./data/Sage2/bench_12226.smt2,"[2.06864311 1.48544779 1.27753955 0.         0.         0.
 0.         0.         0.         0.         1.27753955]",Z3,60,timeout (60.0 s),['Z3'],[60]
./data/Sage2/bench_13520.smt2,"[4.30114266 2.43572247 0.90198966 0.         0.         0.
 0.         0.         0.         0.         0.90198966]",Z3,10.423532009124756,sat,['Z3'],[10.423532009124756]
./data/Sage2/bench_3979.smt2,"[0.37817937 0.17586365 0.06350118 0.         0.         0.
 0.         0.         0.         0.         0.06350118]",Z3,60,timeout (60.0 s),['Z3'],[60]
./data/Sage2/bench_16356.smt2,"[0.28091301 0.10232403 0.03356396 0.         0.         0.
 0.         0.         0.         0.         0.03356396]",Z3,30.931068897247314,unsat,['Z3'],[30.931068897247314]
./data/Sage2/bench_15760.smt2,"[0.39780133 0.23452492 0.14486634 0.         0.         0.
 0.         0.         0.         0.         0.14486634]",Z3,60,timeout (60.0 s),['Z3'],[60]
./data/Sage2/bench_6850.smt2,"[1.07978495 1.19325747 1.14808092 0.         0.         0.
 0.         0.         0.         0.         1.14808092]",Z3,60,timeout (60.0 s),['Z3'],[60]
./data/Sage2/bench_3976.smt2,"[2.35175446 1.47481828 1.21763061 0.         0.         0.
 0.         0.         0.         0.         1.21763061]",Z3,60,timeout (60.0 s),['Z3'],[60]
./data/Sage2/bench_370.smt2,"[1.38565078 1.07303129 0.36427076 0.         0.         0.
 0.         0.         0.         0.         0.36427076]",Z3,7.5657799243927,sat,['Z3'],[7.5657799243927]
./data/Sage2/bench_16183.smt2,"[0.34666601 0.2430879  0.13203435 0.         0.         0.
 0.         0.         0.         0.         0.13203435]",Z3,1.7956109046936035,unsat,['Z3'],[1.7956109046936035]
./data/Sage2/bench_4452.smt2,"[1.06282244 0.40769012 0.22418674 0.         0.         0.
 0.         0.         0.         0.         0.22418674]",Z3,0.98921799659729,unsat,['Z3'],[0.98921799659729]
./data/Sage2/bench_5796.smt2,"[0.51226    0.32436128 0.22152449 0.         0.         0.
 0.         0.         0.         0.         0.22152449]",Z3,60,timeout (60.0 s),['Z3'],[60]
./data/Sage2/bench_7348.smt2,"[0.30188308 0.26851983 0.27007373 0.         0.         0.
 0.         0.         0.         0.         0.27007373]",Z3,60,timeout (60.0 s),['Z3'],[60]
./data/Sage2/bench_13869.smt2,"[0.26787886 0.25561839 0.35650954 0.         0.         0.
 0.         0.         0.         0.         0.35650954]",Z3,60,timeout (60.0 s),['Z3'],[60]
./data/Sage2/bench_17869.smt2,"[2.68575385 5.4647063  8.40511804 0.         0.         0.
 0.         0.         0.         0.         8.40511804]",Z3,5.72953200340271,sat,['Z3'],[5.72953200340271]
./data/Sage2/bench_15949.smt2,"[0.1653658  0.0642012  0.02000726 0.         0.         0.
 0.         0.         0.         0.         0.02000726]",Z3,1.4477708339691162,unsat,['Z3'],[1.4477708339691162]
./data/Sage2/bench_2935.smt2,"[0.33456168 0.15653936 0.06360454 0.         0.         0.
 0.         0.         0.         0.         0.06360454]",Z3,60,timeout (60.0 s),['Z3'],[60]
./data/Sage2/bench_6281.smt2,"[1.60475141 4.36433989 6.66784208 0.         0.         0.
 0.         0.         0.         0.         6.66784208]",Z3,60,timeout (60.0 s),['Z3'],[60]
./data/Sage2/bench_12155.smt2,"[3.69583931 2.9701103  2.27909289 0.         0.         0.
 0.         0.         0.         0.         2.27909289]",Z3,60,timeout (60.0 s),['Z3'],[60]
./data/Sage2/bench_4517.smt2,"[1.29255319 1.14228394 1.28595483 0.         0.         0.
 0.         0.         0.         0.         1.28595483]",Z3,13.730154991149902,sat,['Z3'],[13.730154991149902]
./data/Sage2/bench_15918.smt2,"[0.99166021 0.74999495 0.74118682 0.         0.         0.
 0.         0.         0.         0.         0.74118682]",Z3,15.832887887954712,unsat,['Z3'],[15.832887887954712]
./data/Sage2/bench_14148.smt2,"[0.53983732 0.29779939 0.1826557  0.         0.         0.
 0.         0.         0.         0.         0.1826557 ]",Z3,8.71489691734314,unsat,['Z3'],[8.71489691734314]
./data/Sage2/bench_2278.smt2,"[0.24482771 0.12043954 0.05238919 0.         0.         0.
 0.         0.         0.         0.         0.05238919]",Z3,60,timeout (60.0 s),['Z3'],[60]
./data/Sage2/bench_9933.smt2,"[0.28020911 0.10147905 0.03287197 0.         0.         0.
 0.         0.         0.         0.         0.03287197]",Z3,11.222479820251465,unsat,['Z3'],[11.222479820251465]
./data/Sage2/bench_8285.smt2,"[2.68542342 2.0678595  1.15636094 0.         0.         0.
 0.         0.         0.         0.         1.15636094]",Z3,41.45076298713684,sat,['Z3'],[41.45076298713684]
./data/Sage2/bench_3111.smt2,"[0.31071775 0.14512488 0.05935638 0.         0.         0.
 0.         0.         0.         0.         0.05935638]",Z3,60,timeout (60.0 s),['Z3'],[60]
./data/Sage2/bench_15690.smt2,"[0.3317448  0.122195   0.04303325 0.         0.         0.
 0.         0.         0.         0.         0.04303325]",Z3,56.65524101257324,unsat,['Z3'],[56.65524101257324]
./data/Sage2/bench_1654.smt2,"[0.29218339 0.14263269 0.06313044 0.         0.         0.
 0.         0.         0.         0.         0.06313044]",Z3,60,timeout (60.0 s),['Z3'],[60]
./data/Sage2/bench_3545.smt2,"[0.44359561 0.21085639 0.080036   0.         0.         0.
 0.         0.         0.         0.         0.080036  ]",Z3,60,timeout (60.0 s),['Z3'],[60]
./data/Sage2/bench_4177.smt2,"[2.59574347 1.8557396  0.96390482 0.         0.         0.
 0.         0.         0.         0.         0.96390482]",Z3,11.36294412612915,sat,['Z3'],[11.36294412612915]
./data/Sage2/bench_12811.smt2,"[0.73828826 0.52433354 0.04017557 0.         0.         0.
 0.         0.         0.         0.         0.04017557]",Z3,38.54220008850098,sat,['Z3'],[38.54220008850098]
./data/Sage2/bench_5918.smt2,"[0.20829079 0.09206121 0.01680462 0.         0.         0.
 0.         0.         0.         0.         0.01680462]",Z3,2.59814715385437,unsat,['Z3'],[2.59814715385437]
./data/Sage2/bench_6604.smt2,"[1.52719481 1.44979187 1.72261933 0.         0.         0.
 0.         0.         0.         0.         1.72261933]",Z3,5.808619976043701,sat,['Z3'],[5.808619976043701]
./data/Sage2/bench_8742.smt2,"[2.07276612 1.04885253 0.74140744 0.         0.         0.
 0.         0.         0.         0.         0.74140744]",Z3,60,timeout (60.0 s),['Z3'],[60]
./data/Sage2/bench_7327.smt2,"[3.59428187 4.53921625 5.53655141 0.         0.         0.
 0.         0.         0.         0.         5.53655141]",Z3,60,timeout (60.0 s),['Z3'],[60]
./data/Sage2/bench_6803.smt2,"[1.05840867 1.17424299 1.12325126 0.         0.         0.
 0.         0.         0.         0.         1.12325126]",Z3,60,timeout (60.0 s),['Z3'],[60]
./data/Sage2/bench_6320.smt2,"[2.30431706 1.48861843 0.65637409 0.         0.         0.
 0.         0.         0.         0.         0.65637409]",Z3,60,timeout (60.0 s),['Z3'],[60]
./data/Sage2/bench_14396.smt2,"[2.17833466 1.35047878 1.03554416 0.         0.         0.
 0.         0.         0.         0.         1.03554416]",Z3,23.25771999359131,sat,['Z3'],[23.25771999359131]
./data/Sage2/bench_3373.smt2,"[0.31926756 0.15240988 0.0628853  0.         0.         0.
 0.         0.         0.         0.         0.0628853 ]",Z3,60,timeout (60.0 s),['Z3'],[60]
./data/Sage2/bench_1351.smt2,"[0.31160802 0.15191035 0.06311017 0.         0.         0.
 0.         0.         0.         0.         0.06311017]",Z3,60,timeout (60.0 s),['Z3'],[60]
./data/Sage2/bench_7137.smt2,"[0.48252357 0.22704152 0.13330135 0.         0.         0.
 0.         0.         0.         0.         0.13330135]",Z3,60,timeout (60.0 s),['Z3'],[60]
./data/Sage2/bench_12357.smt2,"[0.69053338 0.32994594 0.15044661 0.         0.         0.
 0.         0.         0.         0.         0.15044661]",Z3,9.490173816680908,unsat,['Z3'],[9.490173816680908]
./data/Sage2/bench_11500.smt2,"[0.90682141 1.02816399 1.16939232 0.         0.         0.
 0.         0.         0.         0.         1.16939232]",Z3,3.21858811378479,sat,['Z3'],[3.21858811378479]
./data/Sage2/bench_3772.smt2,"[0.31635071 0.15071139 0.06370475 0.         0.         0.
 0.         0.         0.         0.         0.06370475]",Z3,37.53801393508911,sat,['Z3'],[37.53801393508911]
./data/Sage2/bench_17759.smt2,"[0.97763408 0.83318814 0.8989124  0.         0.         0.
 0.         0.         0.         0.         0.8989124 ]",Z3,13.669526100158691,sat,['Z3'],[13.669526100158691]
./data/Sage2/bench_14022.smt2,"[1.1650324  0.82071043 0.58117491 0.         0.         0.
 0.         0.         0.         0.         0.58117491]",Z3,60,timeout (60.0 s),['Z3'],[60]
./data/Sage2/bench_5512.smt2,"[0.35691247 0.16545597 0.06068022 0.         0.         0.
 0.         0.         0.         0.         0.06068022]",Z3,27.95753502845764,sat,['Z3'],[27.95753502845764]
./data/Sage2/bench_773.smt2,"[0.68892006 0.29446437 0.22313431 0.         0.         0.
 0.         0.         0.         0.         0.22313431]",Z3,2.498825788497925,unsat,['Z3'],[2.498825788497925]
./data/Sage2/bench_10359.smt2,"[2.27046025 1.47377459 1.2396647  0.         0.         0.
 0.         0.         0.         0.         1.2396647 ]",Z3,60,timeout (60.0 s),['Z3'],[60]
./data/Sage2/bench_15561.smt2,"[1.45147798 0.92187716 0.84493965 0.         0.         0.
 0.         0.         0.         0.         0.84493965]",Z3,60,timeout (60.0 s),['Z3'],[60]
./data/Sage2/bench_8652.smt2,"[1.05360585 1.19291435 1.1518566  0.         0.         0.
 0.         0.         0.         0.         1.1518566 ]",Z3,60,timeout (60.0 s),['Z3'],[60]
./data/Sage2/bench_6904.smt2,"[0.48937447 0.26485043 0.15924744 0.         0.         0.
 0.         0.         0.         0.         0.15924744]",Z3,36.51692605018616,unsat,['Z3'],[36.51692605018616]
./data/Sage2/bench_10982.smt2,"[1.83525349 1.34576389 1.37039035 0.         0.         0.
 0.         0.         0.         0.         1.37039035]",Z3,60,timeout (60.0 s),['Z3'],[60]
./data/Sage2/bench_3494.smt2,"[0.35539794 0.16778017 0.06450783 0.         0.         0.
 0.         0.         0.         0.         0.06450783]",Z3,60,timeout (60.0 s),['Z3'],[60]
./data/Sage2/bench_15276.smt2,"[0.30498395 0.11305656 0.03747641 0.         0.         0.
 0.         0.         0.         0.         0.03747641]",Z3,40.48151707649231,unsat,['Z3'],[40.48151707649231]
./data/Sage2/bench_4402.smt2,"[1.10834133 1.31815888 1.17126748 0.         0.         0.
 0.         0.         0.         0.         1.17126748]",Z3,60,timeout (60.0 s),['Z3'],[60]
./data/Sage2/bench_3024.smt2,"[0.92339637 0.65811251 0.32083476 0.         0.         0.
 0.         0.         0.         0.         0.32083476]",Z3,60,timeout (60.0 s),['Z3'],[60]
./data/Sage2/bench_12194.smt2,"[0.24290407 0.10528859 0.02055045 0.         0.         0.
 0.         0.         0.         0.         0.02055045]",Z3,2.1998209953308105,unsat,['Z3'],[2.1998209953308105]
./data/Sage2/bench_7092.smt2,"[0.24928367 0.1107243  0.02062207 0.         0.         0.
 0.         0.         0.         0.         0.02062207]",Z3,3.6997339725494385,unsat,['Z3'],[3.6997339725494385]
./data/Sage2/bench_9717.smt2,"[1.06280051 1.24393363 1.18499144 0.         0.         0.
 0.         0.         0.         0.         1.18499144]",Z3,60,timeout (60.0 s),['Z3'],[60]
./data/Sage2/bench_1793.smt2,"[0.36176515 0.1697531  0.0654759  0.         0.         0.
 0.         0.         0.         0.         0.0654759 ]",Z3,60,timeout (60.0 s),['Z3'],[60]
./data/Sage2/bench_9124.smt2,"[0.16413733 0.06566229 0.02074789 0.         0.         0.
 0.         0.         0.         0.         0.02074789]",Z3,6.828377962112427,unsat,['Z3'],[6.828377962112427]
./data/Sage2/bench_17388.smt2,"[2.94574109 1.90328487 1.03725912 0.         0.         0.
 0.         0.         0.         0.         1.03725912]",Z3,23.859108924865723,sat,['Z3'],[23.859108924865723]
./data/Sage2/bench_11316.smt2,"[1.13770916 1.18253366 1.25740834 0.         0.         0.
 0.         0.         0.         0.         1.25740834]",Z3,60,timeout (60.0 s),['Z3'],[60]
./data/Sage2/bench_13031.smt2,"[2.15239828 5.9788252  9.23382343 0.         0.         0.
 0.         0.         0.         0.         9.23382343]",Z3,35.81023716926575,sat,['Z3'],[35.81023716926575]
./data/Sage2/bench_12233.smt2,"[0.49625975 0.26129425 0.22204889 0.         0.         0.
 0.         0.         0.         0.         0.22204889]",Z3,2.0057780742645264,unsat,['Z3'],[2.0057780742645264]
./data/Sage2/bench_12554.smt2,"[0.75928186 0.51589938 0.32373599 0.         0.         0.
 0.         0.         0.         0.         0.32373599]",Z3,3.2104811668395996,unsat,['Z3'],[3.2104811668395996]
./data/Sage2/bench_3508.smt2,"[1.83863774 5.78024162 8.74378525 0.         0.         0.
 0.         0.         0.         0.         8.74378525]",Z3,60,timeout (60.0 s),['Z3'],[60]
./data/Sage2/bench_1264.smt2,"[0.36795577 0.16762599 0.06256273 0.         0.         0.
 0.         0.         0.         0.         0.06256273]",Z3,60,timeout (60.0 s),['Z3'],[60]
./data/Sage2/bench_1560.smt2,"[0.10586087 0.1037781  0.02973345 0.         0.         0.
 0.         0.         0.         0.         0.02973345]",Z3,60,timeout (60.0 s),['Z3'],[60]
./data/Sage2/bench_7808.smt2,"[0.28107623 0.25710188 0.26165129 0.         0.         0.
 0.         0.         0.         0.         0.26165129]",Z3,60,timeout (60.0 s),['Z3'],[60]
./data/Sage2/bench_1447.smt2,"[0.31909917 0.15400273 0.06312932 0.         0.         0.
 0.         0.         0.         0.         0.06312932]",Z3,60,timeout (60.0 s),['Z3'],[60]
./data/Sage2/bench_12886.smt2,"[1.97417381 1.26349868 0.57231503 0.         0.         0.
 0.         0.         0.         0.         0.57231503]",Z3,60,timeout (60.0 s),['Z3'],[60]
./data/Sage2/bench_14920.smt2,"[1.58138438 4.35746735 6.65816831 0.         0.         0.
 0.         0.         0.         0.         6.65816831]",Z3,60,timeout (60.0 s),['Z3'],[60]
./data/Sage2/bench_5302.smt2,"[0.35250332 0.16099701 0.06220816 0.         0.         0.
 0.         0.         0.         0.         0.06220816]",Z3,60,timeout (60.0 s),['Z3'],[60]
./data/Sage2/bench_4681.smt2,"[0.13508733 0.05433445 0.0164246  0.         0.         0.
 0.         0.         0.         0.         0.0164246 ]",Z3,3.246852159500122,unsat,['Z3'],[3.246852159500122]
./data/Sage2/bench_13362.smt2,"[2.21558543 1.23278051 0.97897503 0.         0.         0.
 0.         0.         0.         0.         0.97897503]",Z3,14.40633511543274,sat,['Z3'],[14.40633511543274]
./data/Sage2/bench_3340.smt2,"[0.92196908 0.64927543 0.30951495 0.         0.         0.
 0.         0.         0.         0.         0.30951495]",Z3,45.55756092071533,unsat,['Z3'],[45.55756092071533]
./data/Sage2/bench_5325.smt2,"[1.1133878  1.28883544 1.11907928 0.         0.         0.
 0.         0.         0.         0.         1.11907928]",Z3,60,timeout (60.0 s),['Z3'],[60]
./data/Sage2/bench_13760.smt2,"[1.97140436 1.02768603 0.79705639 0.         0.         0.
 0.         0.         0.         0.         0.79705639]",Z3,60,timeout (60.0 s),['Z3'],[60]
./data/Sage2/bench_10333.smt2,"[0.24882399 0.1084169  0.01982566 0.         0.         0.
 0.         0.         0.         0.         0.01982566]",Z3,7.524663925170898,unsat,['Z3'],[7.524663925170898]
./data/Sage2/bench_5698.smt2,"[0.00286943 0.31696818 0.0662885  0.         0.         0.
 0.         0.         0.         0.         0.0662885 ]",Z3,60,timeout (60.0 s),['Z3'],[60]
./data/Sage2/bench_14131.smt2,"[2.10141271 1.54402569 1.31117315 0.         0.         0.
 0.         0.         0.         0.         1.31117315]",Z3,60,timeout (60.0 s),['Z3'],[60]
./data/Sage2/bench_14480.smt2,"[0.17773835 0.07019114 0.02325128 0.         0.         0.
 0.         0.         0.         0.         0.02325128]",Z3,60,timeout (60.0 s),['Z3'],[60]
./data/Sage2/bench_13939.smt2,"[1.67621383 1.24040833 1.02297995 0.         0.         0.
 0.         0.         0.         0.         1.02297995]",Z3,60,timeout (60.0 s),['Z3'],[60]
./data/Sage2/bench_15549.smt2,"[0.85852412 0.49376734 0.46911945 0.         0.         0.
 0.         0.         0.         0.         0.46911945]",Z3,7.0652220249176025,unsat,['Z3'],[7.0652220249176025]
./data/Sage2/bench_14379.smt2,"[1.4345766  0.86296997 0.68607649 0.         0.         0.
 0.         0.         0.         0.         0.68607649]",Z3,4.073908805847168,unsat,['Z3'],[4.073908805847168]
./data/Sage2/bench_887.smt2,"[0.1747851  0.34058953 0.28040874 0.         0.         0.
 0.         0.         0.         0.         0.28040874]",Z3,25.814514875411987,sat,['Z3'],[25.814514875411987]
./data/Sage2/bench_17674.smt2,"[1.89425102 1.20810781 0.54492269 0.         0.         0.
 0.         0.         0.         0.         0.54492269]",Z3,9.316991806030273,unsat,['Z3'],[9.316991806030273]
./data/Sage2/bench_12913.smt2,"[1.10247472 0.69547839 0.68936097 0.         0.         0.
 0.         0.         0.         0.         0.68936097]",Z3,3.7992801666259766,unsat,['Z3'],[3.7992801666259766]
./data/Sage2/bench_17628.smt2,"[0.46634655 0.51913406 0.62652582 0.         0.         0.
 0.         0.         0.         0.         0.62652582]",Z3,60,timeout (60.0 s),['Z3'],[60]
./data/Sage2/bench_4762.smt2,"[0.567263   0.26825494 0.1981787  0.         0.         0.
 0.         0.         0.         0.         0.1981787 ]",Z3,23.609175205230713,unsat,['Z3'],[23.609175205230713]
./data/Sage2/bench_12950.smt2,"[2.12392834 1.3297773  0.57851433 0.         0.         0.
 0.         0.         0.         0.         0.57851433]",Z3,60,timeout (60.0 s),['Z3'],[60]
./data/Sage2/bench_204.smt2,"[4.42489756 3.10106571 0.97212436 0.         0.         0.
 0.         0.         0.         0.         0.97212436]",Z3,18.845558881759644,unsat,['Z3'],[18.845558881759644]
./data/Sage2/bench_7003.smt2,"[1.05028766 1.18888525 1.14650934 0.         0.         0.
 0.         0.         0.         0.         1.14650934]",Z3,60,timeout (60.0 s),['Z3'],[60]
./data/Sage2/bench_5400.smt2,"[0.90093049 1.01199226 1.1426344  0.         0.         0.
 0.         0.         0.         0.         1.1426344 ]",Z3,2.8376200199127197,sat,['Z3'],[2.8376200199127197]
./data/Sage2/bench_7143.smt2,"[0.45547776 0.20591568 0.11121174 0.         0.         0.
 0.         0.         0.         0.         0.11121174]",Z3,60,timeout (60.0 s),['Z3'],[60]
./data/Sage2/bench_15587.smt2,"[1.54485786 0.87022098 0.7958399  0.         0.         0.
 0.         0.         0.         0.         0.7958399 ]",Z3,60,timeout (60.0 s),['Z3'],[60]
./data/Sage2/bench_12302.smt2,"[0.08496864 0.20298488 0.26701235 0.         0.         0.
 0.         0.         0.         0.         0.26701235]",Z3,3.2485241889953613,sat,['Z3'],[3.2485241889953613]
./data/Sage2/bench_17021.smt2,"[0.16186064 0.0646589  0.02034112 0.         0.         0.
 0.         0.         0.         0.         0.02034112]",Z3,3.188046932220459,unsat,['Z3'],[3.188046932220459]
./data/Sage2/bench_5439.smt2,"[0.34145399 0.16156039 0.06460008 0.         0.         0.
 0.         0.         0.         0.         0.06460008]",Z3,60,timeout (60.0 s),['Z3'],[60]
./data/Sage2/bench_9649.smt2,"[1.57076185 4.40696652 6.81159718 0.         0.         0.
 0.         0.         0.         0.         6.81159718]",Z3,60,timeout (60.0 s),['Z3'],[60]
./data/Sage2/bench_5095.smt2,"[2.81609136 2.68313168 1.74231787 0.         0.         0.
 0.         0.         0.         0.         1.74231787]",Z3,60,timeout (60.0 s),['Z3'],[60]
./data/Sage2/bench_1548.smt2,"[0.28024932 0.13945927 0.06347828 0.         0.         0.
 0.         0.         0.         0.         0.06347828]",Z3,60,timeout (60.0 s),['Z3'],[60]
./data/Sage2/bench_17073.smt2,"[0.9258818  0.44662432 0.254492   0.         0.         0.
 0.         0.         0.         0.         0.254492  ]",Z3,60,timeout (60.0 s),['Z3'],[60]
./data/Sage2/bench_2177.smt2,"[0.1334294  0.05473357 0.01679308 0.         0.         0.
 0.         0.         0.         0.         0.01679308]",Z3,3.352247953414917,unsat,['Z3'],[3.352247953414917]
./data/Sage2/bench_9006.smt2,"[1.81524071 0.95670807 0.61198912 0.         0.         0.
 0.         0.         0.         0.         0.61198912]",Z3,1.573801040649414,unsat,['Z3'],[1.573801040649414]
./data/Sage2/bench_6070.smt2,"[0.28663906 0.1238714  0.02360769 0.         0.         0.
 0.         0.         0.         0.         0.02360769]",Z3,4.358121871948242,unsat,['Z3'],[4.358121871948242]
./data/Sage2/bench_14603.smt2,"[1.39463641 1.23832532 1.34759402 0.         0.         0.
 0.         0.         0.         0.         1.34759402]",Z3,15.093786001205444,sat,['Z3'],[15.093786001205444]
./data/Sage2/bench_9641.smt2,"[1.6240176  0.64073722 0.09796602 0.         0.         0.
 0.         0.         0.         0.         0.09796602]",Z3,1.3439240455627441,unsat,['Z3'],[1.3439240455627441]
./data/Sage2/bench_14421.smt2,"[2.21290998 1.29443319 1.02687123 0.         0.         0.
 0.         0.         0.         0.         1.02687123]",Z3,18.396239042282104,sat,['Z3'],[18.396239042282104]
./data/Sage2/bench_13895.smt2,"[1.09627243 1.31884023 1.17824606 0.         0.         0.
 0.         0.         0.         0.         1.17824606]",Z3,60,timeout (60.0 s),['Z3'],[60]
./data/Sage2/bench_7980.smt2,"[0.97516294 1.10781106 1.1507196  0.         0.         0.
 0.         0.         0.         0.         1.1507196 ]",Z3,60,timeout (60.0 s),['Z3'],[60]
./data/Sage2/bench_14444.smt2,"[1.47194755 0.7856193  0.64521852 0.         0.         0.
 0.         0.         0.         0.         0.64521852]",Z3,60,timeout (60.0 s),['Z3'],[60]
./data/Sage2/bench_2670.smt2,"[2.51042806 1.78435346 0.88536522 0.         0.         0.
 0.         0.         0.         0.         0.88536522]",Z3,27.071460008621216,sat,['Z3'],[27.071460008621216]
./data/Sage2/bench_1616.smt2,"[0.27797242 0.14035455 0.0643836  0.         0.         0.
 0.         0.         0.         0.         0.0643836 ]",Z3,60,timeout (60.0 s),['Z3'],[60]
./data/Sage2/bench_15939.smt2,"[0.98838026 0.51788413 0.16984544 0.         0.         0.
 0.         0.         0.         0.         0.16984544]",Z3,60,timeout (60.0 s),['Z3'],[60]
./data/Sage2/bench_16564.smt2,"[0.18857817 0.07425705 0.02384663 0.         0.         0.
 0.         0.         0.         0.         0.02384663]",Z3,4.507513999938965,unsat,['Z3'],[4.507513999938965]
./data/Sage2/bench_12655.smt2,"[0.28205255 0.15546513 0.07856494 0.         0.         0.
 0.         0.         0.         0.         0.07856494]",Z3,60,timeout (60.0 s),['Z3'],[60]
./data/Sage2/bench_2081.smt2,"[0.2882923  0.14620761 0.06507889 0.         0.         0.
 0.         0.         0.         0.         0.06507889]",Z3,60,timeout (60.0 s),['Z3'],[60]
./data/Sage2/bench_5848.smt2,"[1.23429097 0.66771843 0.35003292 0.         0.         0.
 0.         0.         0.         0.         0.35003292]",Z3,13.281216144561768,unsat,['Z3'],[13.281216144561768]
./data/Sage2/bench_3491.smt2,"[0.91535167 0.36858104 0.13761193 0.         0.         0.
 0.         0.         0.         0.         0.13761193]",Z3,2.760322093963623,unsat,['Z3'],[2.760322093963623]
./data/Sage2/bench_1797.smt2,"[2.75736405 1.95659204 1.89071038 0.         0.         0.
 0.         0.         0.         0.         1.89071038]",Z3,60,timeout (60.0 s),['Z3'],[60]
./data/Sage2/bench_11461.smt2,"[0.1268038  0.57387466 0.33692324 0.         0.         0.
 0.         0.         0.         0.         0.33692324]",Z3,20.09666395187378,unsat,['Z3'],[20.09666395187378]
./data/Sage2/bench_1087.smt2,"[0.3613502  0.17017937 0.06549777 0.         0.         0.
 0.         0.         0.         0.         0.06549777]",Z3,60,timeout (60.0 s),['Z3'],[60]
./data/Sage2/bench_4311.smt2,"[0.57095883 0.3098914  0.19349346 0.         0.         0.
 0.         0.         0.         0.         0.19349346]",Z3,0.1434628963470459,unsat,['Z3'],[0.1434628963470459]
./data/Sage2/bench_13126.smt2,"[0.17282691 0.34423194 0.29082995 0.         0.         0.
 0.         0.         0.         0.         0.29082995]",Z3,57.84948492050171,sat,['Z3'],[57.84948492050171]
./data/Sage2/bench_5587.smt2,"[0.50219463 0.32849334 0.22554496 0.         0.         0.
 0.         0.         0.         0.         0.22554496]",Z3,60,timeout (60.0 s),['Z3'],[60]
./data/Sage2/bench_6853.smt2,"[1.05529363 1.21534547 1.18262789 0.         0.         0.
 0.         0.         0.         0.         1.18262789]",Z3,60,timeout (60.0 s),['Z3'],[60]
./data/Sage2/bench_6209.smt2,"[ 2.39326823  7.26244499 11.2202465   0.          0.          0.
  0.          0.          0.          0.         11.2202465 ]",Z3,60,timeout (60.0 s),['Z3'],[60]
./data/Sage2/bench_2317.smt2,"[0.27181546 0.13161745 0.05402312 0.         0.         0.
 0.         0.         0.         0.         0.05402312]",Z3,60,timeout (60.0 s),['Z3'],[60]
./data/Sage2/bench_17727.smt2,"[1.26187516 0.91850784 0.83774217 0.         0.         0.
 0.         0.         0.         0.         0.83774217]",Z3,10.420650005340576,sat,['Z3'],[10.420650005340576]
./data/Sage2/bench_16026.smt2,"[0.38828428 0.23555538 0.14560327 0.         0.         0.
 0.         0.         0.         0.         0.14560327]",Z3,60,timeout (60.0 s),['Z3'],[60]
./data/Sage2/bench_14233.smt2,"[2.77494016 3.13380473 4.81703621 0.         0.         0.
 0.         0.         0.         0.         4.81703621]",Z3,60,timeout (60.0 s),['Z3'],[60]
./data/Sage2/bench_9724.smt2,"[0.58161342 0.19740472 0.04030586 0.         0.         0.
 0.         0.         0.         0.         0.04030586]",Z3,0.8580830097198486,unsat,['Z3'],[0.8580830097198486]
./data/Sage2/bench_3574.smt2,"[0.2998621  0.1564787  0.08081869 0.         0.         0.
 0.         0.         0.         0.         0.08081869]",Z3,60,timeout (60.0 s),['Z3'],[60]
./data/Sage2/bench_5354.smt2,"[0.35141582 0.16493779 0.06414825 0.         0.         0.
 0.         0.         0.         0.         0.06414825]",Z3,55.43626117706299,sat,['Z3'],[55.43626117706299]
./data/Sage2/bench_13536.smt2,"[1.81811987 5.8129513  8.79939977 0.         0.         0.
 0.         0.         0.         0.         8.79939977]",Z3,60,timeout (60.0 s),['Z3'],[60]
./data/Sage2/bench_9000.smt2,"[0.33709729 0.15460784 0.05629912 0.         0.         0.
 0.         0.         0.         0.         0.05629912]",Z3,60,timeout (60.0 s),['Z3'],[60]
./data/Sage2/bench_1747.smt2,"[0.36039494 0.16599708 0.06308539 0.         0.         0.
 0.         0.         0.         0.         0.06308539]",Z3,60,timeout (60.0 s),['Z3'],[60]
./data/Sage2/bench_16723.smt2,"[0.30422183 0.11210843 0.03662005 0.         0.         0.
 0.         0.         0.         0.         0.03662005]",Z3,18.697285175323486,unsat,['Z3'],[18.697285175323486]
./data/Sage2/bench_7698.smt2,"[0.62330401 0.44911241 0.06675262 0.         0.         0.
 0.         0.         0.         0.         0.06675262]",Z3,4.69939112663269,unsat,['Z3'],[4.69939112663269]
./data/Sage2/bench_3953.smt2,"[0.3706358  0.17611438 0.06357768 0.         0.         0.
 0.         0.         0.         0.         0.06357768]",Z3,60,timeout (60.0 s),['Z3'],[60]
./data/Sage2/bench_12870.smt2,"[0.88694875 0.49723383 0.36536758 0.         0.         0.
 0.         0.         0.         0.         0.36536758]",Z3,34.935017108917236,unsat,['Z3'],[34.935017108917236]
./data/Sage2/bench_17465.smt2,"[0.46554079 0.52519964 0.63415879 0.         0.         0.
 0.         0.         0.         0.         0.63415879]",Z3,60,timeout (60.0 s),['Z3'],[60]
./data/Sage2/bench_14294.smt2,"[2.05333838 1.05681374 0.74204937 0.         0.         0.
 0.         0.         0.         0.         0.74204937]",Z3,60,timeout (60.0 s),['Z3'],[60]
./data/Sage2/bench_10542.smt2,"[ 4.88625545 11.08816587  9.68196721  0.          0.          0.
  0.          0.          0.          0.          9.68196721]",Z3,60,timeout (60.0 s),['Z3'],[60]
./data/Sage2/bench_10717.smt2,"[2.50336246 5.0603319  7.67537359 0.         0.         0.
 0.         0.         0.         0.         7.67537359]",Z3,4.170407772064209,sat,['Z3'],[4.170407772064209]
./data/Sage2/bench_3500.smt2,"[0.36546382 0.16535024 0.06132595 0.         0.         0.
 0.         0.         0.         0.         0.06132595]",Z3,60,timeout (60.0 s),['Z3'],[60]
./data/Sage2/bench_12306.smt2,"[0.14088763 0.16718697 0.2134774  0.         0.         0.
 0.         0.         0.         0.         0.2134774 ]",Z3,3.215090036392212,unsat,['Z3'],[3.215090036392212]
./data/Sage2/bench_8323.smt2,"[0.6965511  0.49636401 0.46643514 0.         0.         0.
 0.         0.         0.         0.         0.46643514]",Z3,60,timeout (60.0 s),['Z3'],[60]
./data/Sage2/bench_1941.smt2,"[1.24845001 0.88921504 0.80372653 0.         0.         0.
 0.         0.         0.         0.         0.80372653]",Z3,23.91540002822876,sat,['Z3'],[23.91540002822876]
./data/Sage2/bench_13292.smt2,"[0.89923829 0.98717995 1.09835416 0.         0.         0.
 0.         0.         0.         0.         1.09835416]",Z3,2.7586019039154053,sat,['Z3'],[2.7586019039154053]
./data/Sage2/bench_17801.smt2,"[4.33892113 2.90318925 2.459285   0.         0.         0.
 0.         0.         0.         0.         2.459285  ]",Z3,30.061264991760254,sat,['Z3'],[30.061264991760254]
./data/Sage2/bench_11017.smt2,"[0.28272042 0.12012945 0.02265043 0.         0.         0.
 0.         0.         0.         0.         0.02265043]",Z3,12.326592922210693,unsat,['Z3'],[12.326592922210693]
./data/Sage2/bench_10928.smt2,"[1.14444026 0.80908471 0.7124121  0.         0.         0.
 0.         0.         0.         0.         0.7124121 ]",Z3,12.686341047286987,sat,['Z3'],[12.686341047286987]
./data/Sage2/bench_176.smt2,"[3.28744264 2.45831049 1.64545547 0.         0.         0.
 0.         0.         0.         0.         1.64545547]",Z3,60,timeout (60.0 s),['Z3'],[60]
./data/Sage2/bench_3075.smt2,"[0.31763235 0.14780015 0.05833319 0.         0.         0.
 0.         0.         0.         0.         0.05833319]",Z3,60,timeout (60.0 s),['Z3'],[60]
./data/Sage2/bench_11638.smt2,"[2.06716271 1.28193644 0.55805263 0.         0.         0.
 0.         0.         0.         0.         0.55805263]",Z3,60,timeout (60.0 s),['Z3'],[60]
./data/Sage2/bench_5828.smt2,"[0.2422042  0.10553104 0.01951692 0.         0.         0.
 0.         0.         0.         0.         0.01951692]",Z3,7.26819109916687,unsat,['Z3'],[7.26819109916687]
./data/Sage2/bench_15292.smt2,"[0.29842898 0.10920443 0.03587109 0.         0.         0.
 0.         0.         0.         0.         0.03587109]",Z3,37.8059561252594,unsat,['Z3'],[37.8059561252594]
./data/Sage2/bench_5767.smt2,"[0.24312613 0.10602274 0.019616   0.         0.         0.
 0.         0.         0.         0.         0.019616  ]",Z3,3.2521250247955322,unsat,['Z3'],[3.2521250247955322]
./data/Sage2/bench_2773.smt2,"[1.01717198 0.73039917 0.70997983 0.         0.         0.
 0.         0.         0.         0.         0.70997983]",Z3,8.447117805480957,sat,['Z3'],[8.447117805480957]
./data/Sage2/bench_6964.smt2,"[1.28727281 0.6214727  0.24586415 0.         0.         0.
 0.         0.         0.         0.         0.24586415]",Z3,60,timeout (60.0 s),['Z3'],[60]
./data/Sage2/bench_16947.smt2,"[3.22604558 1.97204512 0.81338281 0.         0.         0.
 0.         0.         0.         0.         0.81338281]",Z3,25.43892002105713,sat,['Z3'],[25.43892002105713]
./data/Sage2/bench_6276.smt2,"[0.23366872 0.24520389 0.25959622 0.         0.         0.
 0.         0.         0.         0.         0.25959622]",Z3,60,timeout (60.0 s),['Z3'],[60]
./data/Sage2/bench_9662.smt2,"[0.17840933 0.08077848 0.01647168 0.         0.         0.
 0.         0.         0.         0.         0.01647168]",Z3,0.34808993339538574,unsat,['Z3'],[0.34808993339538574]
./data/Sage2/bench_2595.smt2,"[0.08382583 0.09972513 0.02972279 0.         0.         0.
 0.         0.         0.         0.         0.02972279]",Z3,5.2056968212127686,sat,['Z3'],[5.2056968212127686]
./data/Sage2/bench_12417.smt2,"[0.62370501 0.40099494 0.33081844 0.         0.         0.
 0.         0.         0.         0.         0.33081844]",Z3,12.176432847976685,unsat,['Z3'],[12.176432847976685]
./data/Sage2/bench_16531.smt2,"[0.21579086 0.08227004 0.0265312  0.         0.         0.
 0.         0.         0.         0.         0.0265312 ]",Z3,18.98723793029785,unsat,['Z3'],[18.98723793029785]
./data/Sage2/bench_9399.smt2,"[2.15992227 1.35079716 1.0247031  0.         0.         0.
 0.         0.         0.         0.         1.0247031 ]",Z3,22.404562950134277,sat,['Z3'],[22.404562950134277]
./data/Sage2/bench_16707.smt2,"[1.14241771 0.93798113 0.85920047 0.         0.         0.
 0.         0.         0.         0.         0.85920047]",Z3,60,timeout (60.0 s),['Z3'],[60]
./data/Sage2/bench_13822.smt2,"[1.78409771 1.12877496 0.51150775 0.         0.         0.
 0.         0.         0.         0.         0.51150775]",Z3,10.020381212234497,unsat,['Z3'],[10.020381212234497]
./data/Sage2/bench_2161.smt2,"[0.30717828 0.14933821 0.06325738 0.         0.         0.
 0.         0.         0.         0.         0.06325738]",Z3,60,timeout (60.0 s),['Z3'],[60]
./data/Sage2/bench_14658.smt2,"[1.46436331 0.8150418  0.70966716 0.         0.         0.
 0.         0.         0.         0.         0.70966716]",Z3,60,timeout (60.0 s),['Z3'],[60]
./data/Sage2/bench_11818.smt2,"[2.17199992 1.36673896 1.04605494 0.         0.         0.
 0.         0.         0.         0.         1.04605494]",Z3,22.389339923858643,sat,['Z3'],[22.389339923858643]
./data/Sage2/bench_2521.smt2,"[1.08160712 1.28399858 1.13561622 0.         0.         0.
 0.         0.         0.         0.         1.13561622]",Z3,60,timeout (60.0 s),['Z3'],[60]
./data/Sage2/bench_11651.smt2,"[0.18667102 0.07301629 0.02336869 0.         0.         0.
 0.         0.         0.         0.         0.02336869]",Z3,24.714704036712646,unsat,['Z3'],[24.714704036712646]
./data/Sage2/bench_3642.smt2,"[0.81392882 0.64629186 0.43460182 0.         0.         0.
 0.         0.         0.         0.         0.43460182]",Z3,5.068493127822876,unsat,['Z3'],[5.068493127822876]
./data/Sage2/bench_10111.smt2,"[0.29040416 0.13451884 0.05026484 0.         0.         0.
 0.         0.         0.         0.         0.05026484]",Z3,60,timeout (60.0 s),['Z3'],[60]
./data/Sage2/bench_11826.smt2,"[0.15949578 0.05942631 0.02687265 0.         0.         0.
 0.         0.         0.         0.         0.02687265]",Z3,60,timeout (60.0 s),['Z3'],[60]
./data/Sage2/bench_2032.smt2,"[0.28871909 0.14462659 0.0639704  0.         0.         0.
 0.         0.         0.         0.         0.0639704 ]",Z3,60,timeout (60.0 s),['Z3'],[60]
./data/Sage2/bench_12808.smt2,"[2.34677236 1.2303773  0.85884939 0.         0.         0.
 0.         0.         0.         0.         0.85884939]",Z3,57.25970792770386,unsat,['Z3'],[57.25970792770386]
./data/Sage2/bench_12170.smt2,"[0.15957491 0.0641672  0.02025699 0.         0.         0.
 0.         0.         0.         0.         0.02025699]",Z3,5.315052032470703,unsat,['Z3'],[5.315052032470703]
./data/Sage2/bench_5355.smt2,"[0.35050342 0.16627227 0.0642946  0.         0.         0.
 0.         0.         0.         0.         0.0642946 ]",Z3,60,timeout (60.0 s),['Z3'],[60]
./data/Sage2/bench_11049.smt2,"[1.83846006 1.15242386 0.96450292 0.         0.         0.
 0.         0.         0.         0.         0.96450292]",Z3,19.646559953689575,unsat,['Z3'],[19.646559953689575]
./data/Sage2/bench_3696.smt2,"[3.58141743 3.01601017 2.36442463 0.         0.         0.
 0.         0.         0.         0.         2.36442463]",Z3,60,timeout (60.0 s),['Z3'],[60]
./data/Sage2/bench_1350.smt2,"[0.30360059 0.15171336 0.06423196 0.         0.         0.
 0.         0.         0.         0.         0.06423196]",Z3,45.78419518470764,sat,['Z3'],[45.78419518470764]
./data/Sage2/bench_4255.smt2,"[0.61613209 0.43721188 0.40626156 0.         0.         0.
 0.         0.         0.         0.         0.40626156]",Z3,36.92391395568848,unsat,['Z3'],[36.92391395568848]
./data/Sage2/bench_3366.smt2,"[1.10652125 0.99877141 0.48473383 0.         0.         0.
 0.         0.         0.         0.         0.48473383]",Z3,0.19201207160949707,unsat,['Z3'],[0.19201207160949707]
./data/Sage2/bench_27.smt2,"[0.41588123 0.31087906 0.18680318 0.         0.         0.
 0.         0.         0.         0.         0.18680318]",Z3,0.11066699028015137,unsat,['Z3'],[0.11066699028015137]
./data/Sage2/bench_4748.smt2,"[0.93796666 0.5008221  0.2143806  0.         0.         0.
 0.         0.         0.         0.         0.2143806 ]",Z3,35.19401407241821,unsat,['Z3'],[35.19401407241821]
./data/Sage2/bench_15319.smt2,"[2.24326277 5.27463567 8.09416608 0.         0.         0.
 0.         0.         0.         0.         8.09416608]",Z3,60,timeout (60.0 s),['Z3'],[60]
./data/Sage2/bench_9714.smt2,"[0.38186558 0.23233475 0.14411786 0.         0.         0.
 0.         0.         0.         0.         0.14411786]",Z3,60,timeout (60.0 s),['Z3'],[60]
./data/Sage2/bench_6398.smt2,"[1.68080475 1.26209023 1.04557808 0.         0.         0.
 0.         0.         0.         0.         1.04557808]",Z3,60,timeout (60.0 s),['Z3'],[60]
./data/Sage2/bench_9085.smt2,"[0.15893815 0.06391999 0.0201544  0.         0.         0.
 0.         0.         0.         0.         0.0201544 ]",Z3,4.100928068161011,unsat,['Z3'],[4.100928068161011]
./data/Sage2/bench_9280.smt2,"[0.31002081 0.14411375 0.05386644 0.         0.         0.
 0.         0.         0.         0.         0.05386644]",Z3,60,timeout (60.0 s),['Z3'],[60]
./data/Sage2/bench_3827.smt2,"[0.69316515 0.47847058 0.21586803 0.         0.         0.
 0.         0.         0.         0.         0.21586803]",Z3,27.5991370677948,sat,['Z3'],[27.5991370677948]
./data/Sage2/bench_13318.smt2,"[0.67970676 0.33169749 0.15208791 0.         0.         0.
 0.         0.         0.         0.         0.15208791]",Z3,26.288746118545532,unsat,['Z3'],[26.288746118545532]
./data/Sage2/bench_13976.smt2,"[1.61161478 0.84536046 0.59202476 0.         0.         0.
 0.         0.         0.         0.         0.59202476]",Z3,60,timeout (60.0 s),['Z3'],[60]
./data/Sage2/bench_4612.smt2,"[0.15952265 0.06439755 0.020345   0.         0.         0.
 0.         0.         0.         0.         0.020345  ]",Z3,8.777053117752075,unsat,['Z3'],[8.777053117752075]
./data/Sage2/bench_11584.smt2,"[0.92651136 0.52381771 0.47869536 0.         0.         0.
 0.         0.         0.         0.         0.47869536]",Z3,6.72645902633667,unsat,['Z3'],[6.72645902633667]
./data/Sage2/bench_8064.smt2,"[0.24395735 0.10952558 0.02041697 0.         0.         0.
 0.         0.         0.         0.         0.02041697]",Z3,5.909066915512085,unsat,['Z3'],[5.909066915512085]
./data/Sage2/bench_6874.smt2,"[2.3702346  2.00056722 2.40802224 0.         0.         0.
 0.         0.         0.         0.         2.40802224]",Z3,60,timeout (60.0 s),['Z3'],[60]
./data/Sage2/bench_1113.smt2,"[0.32474294 0.15640601 0.0645812  0.         0.         0.
 0.         0.         0.         0.         0.0645812 ]",Z3,60,timeout (60.0 s),['Z3'],[60]
./data/Sage2/bench_14541.smt2,"[1.54336662 0.85245425 0.68370599 0.         0.         0.
 0.         0.         0.         0.         0.68370599]",Z3,3.905026912689209,unsat,['Z3'],[3.905026912689209]
./data/Sage2/bench_11754.smt2,"[1.26299646 0.93486381 0.86086427 0.         0.         0.
 0.         0.         0.         0.         0.86086427]",Z3,18.09622597694397,sat,['Z3'],[18.09622597694397]
./data/Sage2/bench_10050.smt2,"[0.17917273 0.08296147 0.01705202 0.         0.         0.
 0.         0.         0.         0.         0.01705202]",Z3,0.24683499336242676,unsat,['Z3'],[0.24683499336242676]
./data/Sage2/bench_5349.smt2,"[0.35047411 0.1672572  0.06493825 0.         0.         0.
 0.         0.         0.         0.         0.06493825]",Z3,60,timeout (60.0 s),['Z3'],[60]
./data/Sage2/bench_5759.smt2,"[1.77999263 1.35316931 1.20250258 0.         0.         0.
 0.         0.         0.         0.         1.20250258]",Z3,27.748115062713623,sat,['Z3'],[27.748115062713623]
./data/Sage2/bench_8437.smt2,"[1.04102911 1.20118966 1.16448186 0.         0.         0.
 0.         0.         0.         0.         1.16448186]",Z3,60,timeout (60.0 s),['Z3'],[60]
./data/Sage2/bench_2557.smt2,"[0.45112273 0.27937399 0.17791131 0.         0.         0.
 0.         0.         0.         0.         0.17791131]",Z3,60,timeout (60.0 s),['Z3'],[60]
./data/Sage2/bench_1152.smt2,"[0.35918493 0.16967155 0.06514576 0.         0.         0.
 0.         0.         0.         0.         0.06514576]",Z3,60,timeout (60.0 s),['Z3'],[60]
./data/Sage2/bench_9444.smt2,"[1.98226573 1.22212979 0.52859443 0.         0.         0.
 0.         0.         0.         0.         0.52859443]",Z3,0.8964071273803711,unsat,['Z3'],[0.8964071273803711]
./data/Sage2/bench_13831.smt2,"[0.94645186 1.10407115 1.19737749 0.         0.         0.
 0.         0.         0.         0.         1.19737749]",Z3,60,timeout (60.0 s),['Z3'],[60]
./data/Sage2/bench_14450.smt2,"[0.93818379 0.3756651  0.22683786 0.         0.         0.
 0.         0.         0.         0.         0.22683786]",Z3,1.3555550575256348,unsat,['Z3'],[1.3555550575256348]
./data/Sage2/bench_9582.smt2,"[0.17957008 0.08354221 0.01722316 0.         0.         0.
 0.         0.         0.         0.         0.01722316]",Z3,0.356212854385376,unsat,['Z3'],[0.356212854385376]
./data/Sage2/bench_12734.smt2,"[0.90085911 0.50895227 0.33463452 0.         0.         0.
 0.         0.         0.         0.         0.33463452]",Z3,3.854400157928467,unsat,['Z3'],[3.854400157928467]
./data/Sage2/bench_8557.smt2,"[1.02148517 1.1887462  1.17592629 0.         0.         0.
 0.         0.         0.         0.         1.17592629]",Z3,60,timeout (60.0 s),['Z3'],[60]
./data/Sage2/bench_16400.smt2,"[1.00743683 1.17909268 1.17545948 0.         0.         0.
 0.         0.         0.         0.         1.17545948]",Z3,60,timeout (60.0 s),['Z3'],[60]
./data/Sage2/bench_12878.smt2,"[1.02141859 0.40665321 0.22790481 0.         0.         0.
 0.         0.         0.         0.         0.22790481]",Z3,1.272158145904541,unsat,['Z3'],[1.272158145904541]
./data/Sage2/bench_778.smt2,"[1.03256723 0.41383182 0.22830092 0.         0.         0.
 0.         0.         0.         0.         0.22830092]",Z3,3.1172871589660645,unsat,['Z3'],[3.1172871589660645]
./data/Sage2/bench_2966.smt2,"[0.35967062 0.16993635 0.06586096 0.         0.         0.
 0.         0.         0.         0.         0.06586096]",Z3,60,timeout (60.0 s),['Z3'],[60]
./data/Sage2/bench_12420.smt2,"[1.11805481 1.18394738 1.26101884 0.         0.         0.
 0.         0.         0.         0.         1.26101884]",Z3,60,timeout (60.0 s),['Z3'],[60]
./data/Sage2/bench_5338.smt2,"[1.79188783 5.8883979  9.0625318  0.         0.         0.
 0.         0.         0.         0.         9.0625318 ]",Z3,60,timeout (60.0 s),['Z3'],[60]
./data/Sage2/bench_3113.smt2,"[0.29209828 0.14602022 0.06136162 0.         0.         0.
 0.         0.         0.         0.         0.06136162]",Z3,60,timeout (60.0 s),['Z3'],[60]
./data/Sage2/bench_9799.smt2,"[1.19035736 0.62719043 0.50849386 0.         0.         0.
 0.         0.         0.         0.         0.50849386]",Z3,60,timeout (60.0 s),['Z3'],[60]
./data/Sage2/bench_15500.smt2,"[1.08627353 0.70427573 0.71371026 0.         0.         0.
 0.         0.         0.         0.         0.71371026]",Z3,3.858896017074585,unsat,['Z3'],[3.858896017074585]
./data/Sage2/bench_16835.smt2,"[0.45807583 0.53573955 0.65956964 0.         0.         0.
 0.         0.         0.         0.         0.65956964]",Z3,60,timeout (60.0 s),['Z3'],[60]
./data/Sage2/bench_17715.smt2,"[0.45862448 0.52815765 0.64640509 0.         0.         0.
 0.         0.         0.         0.         0.64640509]",Z3,60,timeout (60.0 s),['Z3'],[60]
./data/Sage2/bench_1467.smt2,"[1.0072695 1.1723893 1.1658383 0.        0.        0.        0.
 0.        0.        0.        1.1658383]",Z3,60,timeout (60.0 s),['Z3'],[60]
./data/Sage2/bench_4843.smt2,"[0.65044248 0.41354006 0.34238329 0.         0.         0.
 0.         0.         0.         0.         0.34238329]",Z3,7.182374954223633,unsat,['Z3'],[7.182374954223633]
./data/Sage2/bench_15162.smt2,"[1.93607306 1.28108045 0.58943065 0.         0.         0.
 0.         0.         0.         0.         0.58943065]",Z3,60,timeout (60.0 s),['Z3'],[60]
./data/Sage2/bench_1196.smt2,"[0.35174626 0.16928626 0.065245   0.         0.         0.
 0.         0.         0.         0.         0.065245  ]",Z3,60,timeout (60.0 s),['Z3'],[60]
./data/Sage2/bench_928.smt2,"[0.20014156 0.24464502 0.27171415 0.         0.         0.
 0.         0.         0.         0.         0.27171415]",Z3,60,timeout (60.0 s),['Z3'],[60]
./data/Sage2/bench_3943.smt2,"[1.97465329 2.67362831 3.59096057 0.         0.         0.
 0.         0.         0.         0.         3.59096057]",Z3,60,timeout (60.0 s),['Z3'],[60]
./data/Sage2/bench_9713.smt2,"[1.72159472 1.03192636 0.87233299 0.         0.         0.
 0.         0.         0.         0.         0.87233299]",Z3,60,timeout (60.0 s),['Z3'],[60]
./data/Sage2/bench_3270.smt2,"[0.41337221 0.29965311 0.27068066 0.         0.         0.
 0.         0.         0.         0.         0.27068066]",Z3,2.799346923828125,unsat,['Z3'],[2.799346923828125]
./data/Sage2/bench_1443.smt2,"[1.00950723 1.17878975 1.1679554  0.         0.         0.
 0.         0.         0.         0.         1.1679554 ]",Z3,60,timeout (60.0 s),['Z3'],[60]
./data/Sage2/bench_11911.smt2,"[ 1.82733242  9.81406493 15.89705261  0.          0.          0.
  0.          0.          0.          0.         15.89705261]",Z3,60,timeout (60.0 s),['Z3'],[60]
./data/Sage2/bench_6408.smt2,"[0.43280174 0.29427017 0.29545259 0.         0.         0.
 0.         0.         0.         0.         0.29545259]",Z3,60,timeout (60.0 s),['Z3'],[60]
./data/Sage2/bench_9382.smt2,"[2.1        1.32279443 0.57151432 0.         0.         0.
 0.         0.         0.         0.         0.57151432]",Z3,60,timeout (60.0 s),['Z3'],[60]
./data/Sage2/bench_12216.smt2,"[ 7.49205031 19.76401634 34.0597699   0.          0.          0.
  0.          0.          0.          0.         34.0597699 ]",Z3,60,timeout (60.0 s),['Z3'],[60]
./data/Sage2/bench_12085.smt2,"[0.24091149 0.10434508 0.01855813 0.         0.         0.
 0.         0.         0.         0.         0.01855813]",Z3,6.958765029907227,unsat,['Z3'],[6.958765029907227]
./data/Sage2/bench_10810.smt2,"[0.90291348 1.31760193 1.72938731 0.         0.         0.
 0.         0.         0.         0.         1.72938731]",Z3,34.999274015426636,sat,['Z3'],[34.999274015426636]
./data/Sage2/bench_13931.smt2,"[1.07722512 1.25971987 1.07760017 0.         0.         0.
 0.         0.         0.         0.         1.07760017]",Z3,60,timeout (60.0 s),['Z3'],[60]
./data/Sage2/bench_1749.smt2,"[0.35217625 0.15973172 0.05878365 0.         0.         0.
 0.         0.         0.         0.         0.05878365]",Z3,60,timeout (60.0 s),['Z3'],[60]
./data/Sage2/bench_13495.smt2,"[0.27773028 0.40272715 0.56670129 0.         0.         0.
 0.         0.         0.         0.         0.56670129]",Z3,60,timeout (60.0 s),['Z3'],[60]
./data/Sage2/bench_14647.smt2,"[1.69443008 0.85629724 0.58270074 0.         0.         0.
 0.         0.         0.         0.         0.58270074]",Z3,60,timeout (60.0 s),['Z3'],[60]
./data/Sage2/bench_7851.smt2,"[1.58155073 0.81613728 0.64517483 0.         0.         0.
 0.         0.         0.         0.         0.64517483]",Z3,14.942548990249634,unsat,['Z3'],[14.942548990249634]
./data/Sage2/bench_16760.smt2,"[0.50462993 0.22983691 0.09633957 0.         0.         0.
 0.         0.         0.         0.         0.09633957]",Z3,0.10154199600219727,unsat,['Z3'],[0.10154199600219727]
./data/Sage2/bench_11744.smt2,"[1.50949282 0.89395651 0.36720147 0.         0.         0.
 0.         0.         0.         0.         0.36720147]",Z3,2.3977789878845215,unsat,['Z3'],[2.3977789878845215]
./data/Sage2/bench_2767.smt2,"[0.30788595 0.14708307 0.05924276 0.         0.         0.
 0.         0.         0.         0.         0.05924276]",Z3,60,timeout (60.0 s),['Z3'],[60]
./data/Sage2/bench_1050.smt2,"[0.34441837 0.15897528 0.05935983 0.         0.         0.
 0.         0.         0.         0.         0.05935983]",Z3,60,timeout (60.0 s),['Z3'],[60]
./data/Sage2/bench_3170.smt2,"[0.89734738 0.5370623  0.22843563 0.         0.         0.
 0.         0.         0.         0.         0.22843563]",Z3,5.456722021102905,unsat,['Z3'],[5.456722021102905]
./data/Sage2/bench_10652.smt2,"[0.93913941 0.70438963 0.62634029 0.         0.         0.
 0.         0.         0.         0.         0.62634029]",Z3,46.352433919906616,sat,['Z3'],[46.352433919906616]
./data/Sage2/bench_1156.smt2,"[0.28105162 0.1381162  0.05961914 0.         0.         0.
 0.         0.         0.         0.         0.05961914]",Z3,60,timeout (60.0 s),['Z3'],[60]
./data/Sage2/bench_11997.smt2,"[0.91010982 1.40090294 1.89174019 0.         0.         0.
 0.         0.         0.         0.         1.89174019]",Z3,26.69131588935852,sat,['Z3'],[26.69131588935852]
./data/Sage2/bench_7688.smt2,"[0.27873839 0.25452923 0.24781652 0.         0.         0.
 0.         0.         0.         0.         0.24781652]",Z3,60,timeout (60.0 s),['Z3'],[60]
./data/Sage2/bench_13949.smt2,"[1.03404638 1.19478233 1.09456959 0.         0.         0.
 0.         0.         0.         0.         1.09456959]",Z3,60,timeout (60.0 s),['Z3'],[60]
./data/Sage2/bench_16046.smt2,"[0.08098222 0.17786557 0.23559496 0.         0.         0.
 0.         0.         0.         0.         0.23559496]",Z3,60,timeout (60.0 s),['Z3'],[60]
./data/Sage2/bench_10396.smt2,"[0.8742765  0.48245795 0.34286289 0.         0.         0.
 0.         0.         0.         0.         0.34286289]",Z3,23.890480995178223,unsat,['Z3'],[23.890480995178223]
./data/Sage2/bench_5420.smt2,"[0.3468252  0.16028331 0.05988094 0.         0.         0.
 0.         0.         0.         0.         0.05988094]",Z3,60,timeout (60.0 s),['Z3'],[60]
./data/Sage2/bench_6201.smt2,"[1.17151994 0.85786424 0.76936225 0.         0.         0.
 0.         0.         0.         0.         0.76936225]",Z3,14.225628137588501,sat,['Z3'],[14.225628137588501]
./data/Sage2/bench_6146.smt2,"[1.92278703 1.22975818 0.54284643 0.         0.         0.
 0.         0.         0.         0.         0.54284643]",Z3,60,timeout (60.0 s),['Z3'],[60]
./data/Sage2/bench_2435.smt2,"[1.08538937 1.26522515 1.07605687 0.         0.         0.
 0.         0.         0.         0.         1.07605687]",Z3,60,timeout (60.0 s),['Z3'],[60]
./data/Sage2/bench_11736.smt2,"[0.10342683 0.15946445 0.22756152 0.         0.         0.
 0.         0.         0.         0.         0.22756152]",Z3,60,timeout (60.0 s),['Z3'],[60]
./data/Sage2/bench_15568.smt2,"[1.26002026 2.79551031 4.13272701 0.         0.         0.
 0.         0.         0.         0.         4.13272701]",Z3,24.990288972854614,sat,['Z3'],[24.990288972854614]
./data/Sage2/bench_4045.smt2,"[1.17857021 0.44546435 0.18873353 0.         0.         0.
 0.         0.         0.         0.         0.18873353]",Z3,60,timeout (60.0 s),['Z3'],[60]
./data/Sage2/bench_15175.smt2,"[0.45573332 0.51867027 0.61386537 0.         0.         0.
 0.         0.         0.         0.         0.61386537]",Z3,60,timeout (60.0 s),['Z3'],[60]
./data/Sage2/bench_17274.smt2,"[0.35554473 0.13601039 0.05046545 0.         0.         0.
 0.         0.         0.         0.         0.05046545]",Z3,60,timeout (60.0 s),['Z3'],[60]
./data/Sage2/bench_6718.smt2,"[0.89325414 0.98244088 1.06279347 0.         0.         0.
 0.         0.         0.         0.         1.06279347]",Z3,3.0506820678710938,sat,['Z3'],[3.0506820678710938]
./data/Sage2/bench_14595.smt2,"[0.00561159 0.07058621 0.00948    0.         0.         0.
 0.         0.         0.         0.         0.00948   ]",Z3,60,timeout (60.0 s),['Z3'],[60]
./data/Sage2/bench_17533.smt2,"[2.03834258 1.33630988 0.60088322 0.         0.         0.
 0.         0.         0.         0.         0.60088322]",Z3,60,timeout (60.0 s),['Z3'],[60]
./data/Sage2/bench_9847.smt2,"[1.07221398 1.1991611  1.07825745 0.         0.         0.
 0.         0.         0.         0.         1.07825745]",Z3,60,timeout (60.0 s),['Z3'],[60]
./data/Sage2/bench_13852.smt2,"[3.56492231 2.93431288 2.2112027  0.         0.         0.
 0.         0.         0.         0.         2.2112027 ]",Z3,60,timeout (60.0 s),['Z3'],[60]
./data/Sage2/bench_8686.smt2,"[0.29842421 0.1089628  0.03476502 0.         0.         0.
 0.         0.         0.         0.         0.03476502]",Z3,23.718469858169556,unsat,['Z3'],[23.718469858169556]
